2026-04-28 10:32:49,669 - app.routes.admin - INFO - Загружены локальные данные DNS: 99 товаров из 2 категорий
2026-04-28 10:33:07,040 - app.routes.admin - INFO - Created .env file with category: processory
2026-04-28 10:33:07,042 - app.routes.admin - INFO - === ЗАПУСК ПАРСЕРА CITILINK ===
2026-04-28 10:33:07,044 - app.routes.admin - INFO - Категория: processory
2026-04-28 10:33:07,044 - app.routes.admin - INFO - Время запуска: 2026-04-28 10:33:07
2026-04-28 10:33:07,046 - app.routes.admin - INFO - Citilink parser started in background for category: processory
2026-04-28 10:33:07,047 - app.routes.admin - INFO - Запуск процесса парсинга...
2026-04-28 10:33:07,130 - app.routes.admin - INFO - Загружены локальные данные DNS: 99 товаров из 2 категорий
2026-04-28 10:52:12,735 - app.routes.admin - INFO - Парсер завершился с кодом: 0
2026-04-28 10:52:12,735 - app.routes.admin - ERROR - Ошибки парсера:
2026-04-28 10:33:08,007 - INFO - \u2139\ufe0f  Прокси отключены. Для включения установите USE_PROXY=true в .env файле
2026-04-28 10:33:08,007 - INFO - \u2139\ufe0f  Или используйте команду: python -c "from request_handler import enable_proxy; enable_proxy()"
2026-04-28 10:33:08,007 - INFO - Начало парсинга категории: processory
2026-04-28 10:33:08,007 - INFO - Лимит товаров не задан (без ограничения)
2026-04-28 10:33:08,007 - INFO - Обработка страницы продукта №1
2026-04-28 10:33:08,007 - INFO - Отправка запроса к https://www.citilink.ru/graphql/, для получения данных об всех продуктов
2026-04-28 10:33:10,471 - INFO - Запрос успешно выполнен
2026-04-28 10:33:10,483 - INFO - Обработка продукта ID: 1779455
2026-04-28 10:33:11,912 - INFO - Отправка запроса к https://www.citilink.ru/graphql/, для получения данных об характеристик товара ID: 1779455
2026-04-28 10:33:13,044 - INFO - Запрос успешно выполнен
2026-04-28 10:33:13,046 - INFO - Отправка запроса к https://www.citilink.ru/graphql/, для получения данных об документов товара ID: 1779455
2026-04-28 10:33:14,120 - INFO - Запрос успешно выполнен
2026-04-28 10:33:14,123 - INFO - Отправка запроса к https://www.citilink.ru/graphql/, для получения данных об рейтинга товара ID: 1779455
2026-04-28 10:33:15,373 - INFO - Запрос успешно выполнен
2026-04-28 10:33:15,406 - INFO - Продукт 1779455 успешно обработан
2026-04-28 10:33:16,409 - INFO - Обработка продукта ID: 1901517
2026-04-28 10:33:19,489 - INFO - Отправка запроса к https://www.citilink.ru/graphql/, для получения данных об характеристик товара ID: 1901517
2026-04-28 10:33:20,772 - INFO - Запрос успешно выполнен
2026-04-28 10:33:20,776 - INFO - Отправка запроса к https://www.citilink.ru/graphql/, для получения данных об документов товара ID: 1901517
2026-04-28 10:33:21,816 - INFO - Запрос успешно выполнен
2026-04-28 10:33:21,816 - INFO - Отправка запроса к https://www.citilink.ru/graphql/, для получения данных об рейтинга товара ID: 1901517
2026-04-28 10:33:23,154 - INFO - Запрос успешно выполнен
2026-04-28 10:33:23,157 - INFO - Продукт 1901517 успешно обработан
2026-04-28 10:33:24,166 - INFO - Обработка продукта ID: 1855474
2026-04-28 10:33:26,357 - INFO - Отправка запроса к https://www.citilink.ru/graphql/, для получения данных об характеристик товара ID: 1855474
2026-04-28 10:33:27,518 - INFO - Запрос успешно выполнен
2026-04-28 10:33:27,518 - INFO - Отправка запроса к https://www.citilink.ru/graphql/, для получения данных об документов товара ID: 1855474
2026-04-28 10:33:28,681 - INFO - Запрос успешно выполнен
2026-04-28 10:33:28,685 - INFO - Отправка запроса к https://www.citilink.ru/graphql/, для получения данных об рейтинга товара ID: 1855474
2026-04-28 10:33:30,043 - INFO - Запрос успешно выполнен
2026-04-28 10:33:30,054 - INFO - Продукт 1855474 успешно обработан
2026-04-28 10:33:31,057 - INFO - Обработка продукта ID: 1901493
2026-04-28 10:33:32,526 - INFO - Отправка запроса к https://www.citilink.ru/graphql/, для получения данных об характеристик товара ID: 1901493
2026-04-28 10:33:33,695 - INFO - Запрос успешно выполнен
2026-04-28 10:33:33,696 - INFO - Отправка запроса к https://www.citilink.ru/graphql/, для получения данных об документов товара ID: 1901493
2026-04-28 10:33:34,840 - INFO - Запрос успешно выполнен
2026-04-28 10:33:34,845 - INFO - Отправка запроса к https://www.citilink.ru/graphql/, для получения данных об рейтинга товара ID: 1901493
2026-04-28 10:33:35,974 - INFO - Запрос успешно выполнен
2026-04-28 10:33:35,983 - INFO - Продукт 1901493 успешно обработан
2026-04-28 10:33:36,985 - INFO - Обработка продукта ID: 1970792
2026-04-28 10:33:39,056 - INFO - Отправка запроса к https://www.citilink.ru/graphql/, для получения данных об характеристик товара ID: 1970792
2026-04-28 10:33:40,478 - INFO - Запрос успешно выполнен
2026-04-28 10:33:40,483 - INFO - Отправка запроса к https://www.citilink.ru/graphql/, для получения данных об документов товара ID: 1970792
2026-04-28 10:33:41,564 - INFO - Запрос успешно выполнен
2026-04-28 10:33:41,567 - INFO - Отправка запроса к https://www.citilink.ru/graphql/, для получения данных об рейтинга товара ID: 1970792
2026-04-28 10:33:43,020 - INFO - Запрос успешно выполнен
2026-04-28 10:33:43,029 - INFO - Продукт 1970792 успешно обработан
2026-04-28 10:33:44,031 - INFO - Обработка продукта ID: 2090782
2026-04-28 10:33:45,808 - INFO - Отправка запроса к https://www.citilink.ru/graphql/, для получения данных об характеристик товара ID: 2090782
2026-04-28 10:33:47,059 - INFO - Запрос успешно выполнен
2026-04-28 10:33:47,062 - INFO - Отправка запроса к https://www.citilink.ru/graphql/, для получения данных об документов товара ID: 2090782
2026-04-28 10:33:48,175 - INFO - Запрос успешно выполнен
2026-04-28 10:33:48,175 - INFO - Отправка запроса к https://www.citilink.ru/graphql/, для получения данных об рейтинга товара ID: 2090782
2026-04-28 10:33:49,777 - INFO - Запрос успешно выполнен
2026-04-28 10:33:49,786 - INFO - Продукт 2090782 успешно обработан
2026-04-28 10:33:50,787 - INFO - Обработка продукта ID: 2073002
2026-04-28 10:33:54,387 - INFO - Отправка запроса к https://www.citilink.ru/graphql/, для получения данных об характеристик товара ID: 2073002
2026-04-28 10:33:55,462 - INFO - Запрос успешно выполнен
2026-04-28 10:33:55,465 - INFO - Отправка запроса к https://www.citilink.ru/graphql/, для получения данных об документов товара ID: 2073002
2026-04-28 10:33:56,460 - INFO - Запрос успешно выполнен
2026-04-28 10:33:56,464 - INFO - Отправка запроса к https://www.citilink.ru/graphql/, для получения данных об рейтинга товара ID: 2073002
2026-04-28 10:33:57,772 - INFO - Запрос успешно выполнен
2026-04-28 10:33:57,780 - INFO - Продукт 2073002 успешно обработан
2026-04-28 10:33:58,781 - INFO - Обработка продукта ID: 1987761
2026-04-28 10:34:00,605 - INFO - Отправка запроса к https://www.citilink.ru/graphql/, для получения данных об характеристик товара ID: 1987761
2026-04-28 10:34:01,768 - INFO - Запрос успешно выполнен
2026-04-28 10:34:01,774 - INFO - Отправка запроса к https://www.citilink.ru/graphql/, для получения данных об документов товара ID: 1987761
2026-04-28 10:34:02,990 - INFO - Запрос успешно выполнен
2026-04-28 10:34:02,990 - INFO - Отправка запроса к https://www.citilink.ru/graphql/, для получения данных об рейтинга товара ID: 1987761
2026-04-28 10:34:04,439 - INFO - Запрос успешно выполнен
2026-04-28 10:34:04,451 - INFO - Продукт 1987761 успешно обработан
2026-04-28 10:34:05,452 - INFO - Обработка продукта ID: 1151440
2026-04-28 10:34:06,870 - INFO - Отправка запроса к https://www.citilink.ru/graphql/, для получения данных об характеристик товара ID: 1151440
2026-04-28 10:34:08,422 - INFO - Запрос успешно выполнен
2026-04-28 10:34:08,425 - INFO - Отправка запроса к https://www.citilink.ru/graphql/, для получения данных об документов товара ID: 1151440
2026-04-28 10:34:09,797 - INFO - Запрос успешно выполнен
2026-04-28 10:34:09,801 - INFO - Отправка запроса к https://www.citilink.ru/graphql/, для получения данных об рейтинга товара ID: 1151440
2026-04-28 10:34:10,878 - INFO - Запрос успешно выполнен
2026-04-28 10:34:10,892 - INFO - Продукт 1151440 успешно обработан
2026-04-28 10:34:11,895 - INFO - Обработка продукта ID: 1782240
2026-04-28 10:34:14,006 - INFO - Отправка запроса к https://www.citilink.ru/graphql/, для получения данных об характеристик товара ID: 1782240
2026-04-28 10:34:15,169 - INFO - Запрос успешно выполнен
2026-04-28 10:34:15,172 - INFO - Отправка запроса к https://www.citilink.ru/graphql/, для получения данных об документов товара ID: 1782240
2026-04-28 10:34:16,179 - INFO - Запрос успешно выполнен
2026-04-28 10:34:16,183 - INFO - Отправка запроса к https://www.citilink.ru/graphql/, для получения данных об рейтинга товара ID: 1782240
2026-04-28 10:34:17,855 - INFO - Запрос успешно выполнен
2026-04-28 10:34:17,863 - INFO - Продукт 1782240 успешно обработан
2026-04-28 10:34:18,866 - INFO - Обработка продукта ID: 1982217
2026-04-28 10:34:20,851 - INFO - Отправка запроса к https://www.citilink.ru/graphql/, для получения данных об характеристик товара ID: 1982217
2026-04-28 10:34:22,347 - INFO - Запрос успешно выполнен
2026-04-28 10:34:22,348 - INFO - Отправка запроса к https://www.citilink.ru/graphql/, для получения данных об документов товара ID: 1982217
2026-04-28 10:34:23,522 - INFO - Запрос успешно выполнен
2026-04-28 10:34:23,537 - INFO - Отправка запроса к https://www.citilink.ru/graphql/, для получения данных об рейтинга товара ID: 1982217
2026-04-28 10:34:24,672 - INFO - Запрос успешно выполнен
2026-04-28 10:34:24,683 - INFO - Продукт 1982217 успешно обработан
2026-04-28 10:34:25,685 - INFO - Обработка продукта ID: 1773852
2026-04-28 10:34:27,508 - INFO - Отправка запроса к https://www.citilink.ru/graphql/, для получения данных об характеристик товара ID: 1773852
2026-04-28 10:34:28,874 - INFO - Запрос успешно выполнен
2026-04-28 10:34:28,879 - INFO - Отправка запроса к https://www.citilink.ru/graphql/, для получения данных об документов товара ID: 1773852
2026-04-28 10:34:29,932 - INFO - Запрос успешно выполнен
2026-04-28 10:34:29,935 - INFO - Отправка запроса к https://www.citilink.ru/graphql/, для получения данных об рейтинга товара ID: 1773852
2026-04-28 10:34:31,360 - INFO - Запрос успешно выполнен
2026-04-28 10:34:31,369 - INFO - Продукт 1773852 успешно обработан
2026-04-28 10:34:32,370 - INFO - Обработка продукта ID: 1985475
2026-04-28 10:34:34,572 - INFO - Отправка запроса к https://www.citilink.ru/graphql/, для получения данных об характеристик товара ID: 1985475
2026-04-28 10:34:35,773 - INFO - Запрос успешно выполнен
2026-04-28 10:34:35,773 - INFO - Отправка запроса к https://www.citilink.ru/graphql/, для получения данных об документов товара ID: 1985475
2026-04-28 10:34:36,736 - INFO - Запрос успешно выполнен
2026-04-28 10:34:36,741 - INFO - Отправка запроса к https://www.citilink.ru/graphql/, для получения данных об рейтинга товара ID: 1985475
2026-04-28 10:34:38,325 - INFO - Запрос успешно выполнен
2026-04-28 10:34:38,336 - INFO - Продукт 1985475 успешно обработан
2026-04-28 10:34:39,337 - INFO - Обработка продукта ID: 1773831
2026-04-28 10:34:41,518 - INFO - Отправка запроса к https://www.citilink.ru/graphql/, для получения данных об характеристик товара ID: 1773831
2026-04-28 10:34:42,813 - INFO - Запрос успешно выполнен
2026-04-28 10:34:42,814 - INFO - Отправка запроса к https://www.citilink.ru/graphql/, для получения данных об документов товара ID: 1773831
2026-04-28 10:34:44,075 - INFO - Запрос успешно выполнен
2026-04-28 10:34:44,084 - INFO - Отправка запроса к https://www.citilink.ru/graphql/, для получения данных об рейтинга товара ID: 1773831
2026-04-28 10:34:45,561 - INFO - Запрос успешно выполнен
2026-04-28 10:34:45,568 - INFO - Продукт 1773831 успешно обработан
2026-04-28 10:34:46,571 - INFO - Обработка продукта ID: 1804874
2026-04-28 10:34:48,690 - INFO - Отправка запроса к https://www.citilink.ru/graphql/, для получения данных об характеристик товара ID: 1804874
2026-04-28 10:34:49,831 - INFO - Запрос успешно выполнен
2026-04-28 10:34:49,837 - INFO - Отправка запроса к https://www.citilink.ru/graphql/, для получения данных об документов товара ID: 1804874
2026-04-28 10:34:51,104 - INFO - Запрос успешно выполнен
2026-04-28 10:34:51,109 - INFO - Отправка запроса к https://www.citilink.ru/graphql/, для получения данных об рейтинга товара ID: 1804874
2026-04-28 10:34:53,164 - INFO - Запрос успешно выполнен
2026-04-28 10:34:53,173 - INFO - Продукт 1804874 успешно обработан
2026-04-28 10:34:54,178 - INFO - Обработка продукта ID: 2005596
2026-04-28 10:34:55,608 - INFO - Отправка запроса к https://www.citilink.ru/graphql/, для получения данных об характеристик товара ID: 2005596
2026-04-28 10:34:56,619 - WARNING - Слишком много запросов. Ожидание 2 сек перед повторной попыткой... (попытка 1/2)
2026-04-28 10:34:58,622 - INFO - Отправка запроса к https://www.citilink.ru/graphql/, для получения данных об характеристик товара ID: 2005596
2026-04-28 10:35:00,140 - WARNING - Слишком много запросов. Ожидание 4 сек перед повторной попыткой... (попытка 2/2)
2026-04-28 10:35:04,144 - WARNING - Не удалось получить характеристики для продукта 2005596: Не удалось выполнить запрос после 2 попыток
2026-04-28 10:35:04,147 - INFO - Отправка запроса к https://www.citilink.ru/graphql/, для получения данных об документов товара ID: 2005596
2026-04-28 10:35:05,557 - INFO - Запрос успешно выполнен
2026-04-28 10:35:05,560 - INFO - Отправка запроса к https://www.citilink.ru/graphql/, для получения данных об рейтинга товара ID: 2005596
2026-04-28 10:35:07,916 - INFO - Запрос успешно выполнен
2026-04-28 10:35:07,928 - INFO - Продукт 2005596 успешно обработан
2026-04-28 10:35:08,929 - INFO - Обработка продукта ID: 1986132
2026-04-28 10:35:12,233 - INFO - Отправка запроса к https://www.citilink.ru/graphql/, для получения данных об характеристик товара ID: 1986132
2026-04-28 10:35:13,498 - INFO - Запрос успешно выполнен
2026-04-28 10:35:13,503 - INFO - Отправка запроса к https://www.citilink.ru/graphql/, для получения данных об документов товара ID: 1986132
2026-04-28 10:35:14,832 - INFO - Запрос успешно выполнен
2026-04-28 10:35:14,832 - INFO - Отправка запроса к https://www.citilink.ru/graphql/, для получения данных об рейтинга товара ID: 1986132
2026-04-28 10:35:16,733 - INFO - Запрос успешно выполнен
2026-04-28 10:35:16,742 - INFO - Продукт 1986132 успешно обработан
2026-04-28 10:35:17,744 - INFO - Обработка продукта ID: 1773829
2026-04-28 10:35:20,331 - INFO - Отправка запроса к https://www.citilink.ru/graphql/, для получения данных об характеристик товара ID: 1773829
2026-04-28 10:35:21,654 - INFO - Запрос успешно выполнен
2026-04-28 10:35:21,657 - INFO - Отправка запроса к https://www.citilink.ru/graphql/, для получения данных об документов товара ID: 1773829
2026-04-28 10:35:22,750 - INFO - Запрос успешно выполнен
2026-04-28 10:35:22,753 - INFO - Отправка запроса к https://www.citilink.ru/graphql/, для получения данных об рейтинга товара ID: 1773829
2026-04-28 10:35:23,946 - INFO - Запрос успешно выполнен
2026-04-28 10:35:23,953 - INFO - Продукт 1773829 успешно обработан
2026-04-28 10:35:24,957 - INFO - Обработка продукта ID: 1773839
2026-04-28 10:35:26,982 - INFO - Отправка запроса к https://www.citilink.ru/graphql/, для получения данных об характеристик товара ID: 1773839
2026-04-28 10:35:28,087 - INFO - Запрос успешно выполнен
2026-04-28 10:35:28,093 - INFO - Отправка запроса к https://www.citilink.ru/graphql/, для получения данных об документов товара ID: 1773839
2026-04-28 10:35:29,205 - INFO - Запрос успешно выполнен
2026-04-28 10:35:29,217 - INFO - Отправка запроса к https://www.citilink.ru/graphql/, для получения данных об рейтинга товара ID: 1773839
2026-04-28 10:35:30,346 - INFO - Запрос успешно выполнен
2026-04-28 10:35:30,353 - INFO - Продукт 1773839 успешно обработан
2026-04-28 10:35:31,360 - INFO - Обработка продукта ID: 1985476
2026-04-28 10:35:34,600 - INFO - Отправка запроса к https://www.citilink.ru/graphql/, для получения данных об характеристик товара ID: 1985476
2026-04-28 10:35:35,760 - INFO - Запрос успешно выполнен
2026-04-28 10:35:35,765 - INFO - Отправка запроса к https://www.citilink.ru/graphql/, для получения данных об документов товара ID: 1985476
2026-04-28 10:35:36,838 - INFO - Запрос успешно выполнен
2026-04-28 10:35:36,842 - INFO - Отправка запроса к https://www.citilink.ru/graphql/, для получения данных об рейтинга товара ID: 1985476
2026-04-28 10:35:38,736 - INFO - Запрос успешно выполнен
2026-04-28 10:35:38,745 - INFO - Продукт 1985476 успешно обработан
2026-04-28 10:35:39,748 - INFO - Обработка продукта ID: 2052993
2026-04-28 10:35:41,640 - INFO - Отправка запроса к https://www.citilink.ru/graphql/, для получения данных об характеристик товара ID: 2052993
2026-04-28 10:35:42,951 - INFO - Запрос успешно выполнен
2026-04-28 10:35:42,951 - INFO - Отправка запроса к https://www.citilink.ru/graphql/, для получения данных об документов товара ID: 2052993
2026-04-28 10:35:44,019 - INFO - Запрос успешно выполнен
2026-04-28 10:35:44,025 - INFO - Отправка запроса к https://www.citilink.ru/graphql/, для получения данных об рейтинга товара ID: 2052993
2026-04-28 10:35:45,153 - INFO - Запрос успешно выполнен
2026-04-28 10:35:45,162 - INFO - Продукт 2052993 успешно обработан
2026-04-28 10:35:46,165 - INFO - Обработка продукта ID: 2003112
2026-04-28 10:35:48,276 - INFO - Отправка запроса к https://www.citilink.ru/graphql/, для получения данных об характеристик товара ID: 2003112
2026-04-28 10:35:49,730 - INFO - Запрос успешно выполнен
2026-04-28 10:35:49,733 - INFO - Отправка запроса к https://www.citilink.ru/graphql/, для получения данных об документов товара ID: 2003112
2026-04-28 10:35:50,765 - INFO - Запрос успешно выполнен
2026-04-28 10:35:50,765 - INFO - Отправка запроса к https://www.citilink.ru/graphql/, для получения данных об рейтинга товара ID: 2003112
2026-04-28 10:35:51,815 - INFO - Запрос успешно выполнен
2026-04-28 10:35:51,831 - INFO - Продукт 2003112 успешно обработан
2026-04-28 10:35:52,837 - INFO - Обработка продукта ID: 2005592
2026-04-28 10:35:54,644 - INFO - Отправка запроса к https://www.citilink.ru/graphql/, для получения данных об характеристик товара ID: 2005592
2026-04-28 10:35:55,697 - INFO - Запрос успешно выполнен
2026-04-28 10:35:55,699 - INFO - Отправка запроса к https://www.citilink.ru/graphql/, для получения данных об документов товара ID: 2005592
2026-04-28 10:35:56,743 - INFO - Запрос успешно выполнен
2026-04-28 10:35:56,748 - INFO - Отправка запроса к https://www.citilink.ru/graphql/, для получения данных об рейтинга товара ID: 2005592
2026-04-28 10:35:57,991 - WARNING - Слишком много запросов. Ожидание 2 сек перед повторной попыткой... (попытка 1/2)
2026-04-28 10:35:59,994 - INFO - Отправка запроса к https://www.citilink.ru/graphql/, для получения данных об рейтинга товара ID: 2005592
2026-04-28 10:36:01,397 - INFO - Запрос успешно выполнен
2026-04-28 10:36:01,407 - INFO - Продукт 2005592 успешно обработан
2026-04-28 10:36:02,408 - INFO - Обработка продукта ID: 1773854
2026-04-28 10:36:04,731 - INFO - Отправка запроса к https://www.citilink.ru/graphql/, для получения данных об характеристик товара ID: 1773854
2026-04-28 10:36:05,970 - INFO - Запрос успешно выполнен
2026-04-28 10:36:05,976 - INFO - Отправка запроса к https://www.citilink.ru/graphql/, для получения данных об документов товара ID: 1773854
2026-04-28 10:36:07,196 - INFO - Запрос успешно выполнен
2026-04-28 10:36:07,196 - INFO - Отправка запроса к https://www.citilink.ru/graphql/, для получения данных об рейтинга товара ID: 1773854
2026-04-28 10:36:08,488 - INFO - Запрос успешно выполнен
2026-04-28 10:36:08,498 - INFO - Продукт 1773854 успешно обработан
2026-04-28 10:36:09,500 - INFO - Обработка продукта ID: 2166356
2026-04-28 10:36:11,280 - INFO - Отправка запроса к https://www.citilink.ru/graphql/, для получения данных об характеристик товара ID: 2166356
2026-04-28 10:36:12,491 - INFO - Запрос успешно выполнен
2026-04-28 10:36:12,495 - INFO - Отправка запроса к https://www.citilink.ru/graphql/, для получения данных об документов товара ID: 2166356
2026-04-28 10:36:13,923 - INFO - Запрос успешно выполнен
2026-04-28 10:36:13,926 - INFO - Отправка запроса к https://www.citilink.ru/graphql/, для получения данных об рейтинга товара ID: 2166356
2026-04-28 10:36:15,187 - INFO - Запрос успешно выполнен
2026-04-28 10:36:15,197 - INFO - Продукт 2166356 успешно обработан
2026-04-28 10:36:16,198 - INFO - Обработка продукта ID: 2052997
2026-04-28 10:36:18,580 - INFO - Отправка запроса к https://www.citilink.ru/graphql/, для получения данных об характеристик товара ID: 2052997
2026-04-28 10:36:19,776 - INFO - Запрос успешно выполнен
2026-04-28 10:36:19,779 - INFO - Отправка запроса к https://www.citilink.ru/graphql/, для получения данных об документов товара ID: 2052997
2026-04-28 10:36:20,762 - INFO - Запрос успешно выполнен
2026-04-28 10:36:20,768 - INFO - Отправка запроса к https://www.citilink.ru/graphql/, для получения данных об рейтинга товара ID: 2052997
2026-04-28 10:36:22,063 - INFO - Запрос успешно выполнен
2026-04-28 10:36:22,079 - INFO - Продукт 2052997 успешно обработан
2026-04-28 10:36:23,082 - INFO - Обработка продукта ID: 2005590
2026-04-28 10:36:24,866 - INFO - Отправка запроса к https://www.citilink.ru/graphql/, для получения данных об характеристик товара ID: 2005590
2026-04-28 10:36:25,952 - INFO - Запрос успешно выполнен
2026-04-28 10:36:25,956 - INFO - Отправка запроса к https://www.citilink.ru/graphql/, для получения данных об документов товара ID: 2005590
2026-04-28 10:36:27,040 - INFO - Запрос успешно выполнен
2026-04-28 10:36:27,045 - INFO - Отправка запроса к https://www.citilink.ru/graphql/, для получения данных об рейтинга товара ID: 2005590
2026-04-28 10:36:28,214 - INFO - Запрос успешно выполнен
2026-04-28 10:36:28,222 - INFO - Продукт 2005590 успешно обработан
2026-04-28 10:36:29,231 - INFO - Обработка продукта ID: 1411785
2026-04-28 10:36:32,826 - INFO - Отправка запроса к https://www.citilink.ru/graphql/, для получения данных об характеристик товара ID: 1411785
2026-04-28 10:36:34,056 - INFO - Запрос успешно выполнен
2026-04-28 10:36:34,058 - INFO - Отправка запроса к https://www.citilink.ru/graphql/, для получения данных об документов товара ID: 1411785
2026-04-28 10:36:35,133 - INFO - Запрос успешно выполнен
2026-04-28 10:36:35,136 - INFO - Отправка запроса к https://www.citilink.ru/graphql/, для получения данных об рейтинга товара ID: 1411785
2026-04-28 10:36:36,592 - INFO - Запрос успешно выполнен
2026-04-28 10:36:36,601 - INFO - Продукт 1411785 успешно обработан
2026-04-28 10:36:37,603 - INFO - Обработка продукта ID: 2007367
2026-04-28 10:36:39,735 - INFO - Отправка запроса к https://www.citilink.ru/graphql/, для получения данных об характеристик товара ID: 2007367
2026-04-28 10:36:41,316 - INFO - Запрос успешно выполнен
2026-04-28 10:36:41,321 - INFO - Отправка запроса к https://www.citilink.ru/graphql/, для получения данных об документов товара ID: 2007367
2026-04-28 10:36:42,579 - INFO - Запрос успешно выполнен
2026-04-28 10:36:42,582 - INFO - Отправка запроса к https://www.citilink.ru/graphql/, для получения данных об рейтинга товара ID: 2007367
2026-04-28 10:36:44,178 - INFO - Запрос успешно выполнен
2026-04-28 10:36:44,188 - INFO - Продукт 2007367 успешно обработан
2026-04-28 10:36:45,189 - INFO - Обработка продукта ID: 2052992
2026-04-28 10:36:48,446 - INFO - Отправка запроса к https://www.citilink.ru/graphql/, для получения данных об характеристик товара ID: 2052992
2026-04-28 10:36:49,736 - INFO - Запрос успешно выполнен
2026-04-28 10:36:49,739 - INFO - Отправка запроса к https://www.citilink.ru/graphql/, для получения данных об документов товара ID: 2052992
2026-04-28 10:36:50,840 - INFO - Запрос успешно выполнен
2026-04-28 10:36:50,843 - INFO - Отправка запроса к https://www.citilink.ru/graphql/, для получения данных об рейтинга товара ID: 2052992
2026-04-28 10:36:52,769 - INFO - Запрос успешно выполнен
2026-04-28 10:36:52,778 - INFO - Продукт 2052992 успешно обработан
2026-04-28 10:36:53,779 - INFO - Обработка продукта ID: 2071064
2026-04-28 10:36:55,863 - INFO - Отправка запроса к https://www.citilink.ru/graphql/, для получения данных об характеристик товара ID: 2071064
2026-04-28 10:36:56,980 - INFO - Запрос успешно выполнен
2026-04-28 10:36:56,983 - INFO - Отправка запроса к https://www.citilink.ru/graphql/, для получения данных об документов товара ID: 2071064
2026-04-28 10:36:58,812 - INFO - Запрос успешно выполнен
2026-04-28 10:36:58,816 - INFO - Отправка запроса к https://www.citilink.ru/graphql/, для получения данных об рейтинга товара ID: 2071064
2026-04-28 10:37:00,063 - WARNING - Слишком много запросов. Ожидание 2 сек перед повторной попыткой... (попытка 1/2)
2026-04-28 10:37:02,065 - INFO - Отправка запроса к https://www.citilink.ru/graphql/, для получения данных об рейтинга товара ID: 2071064
2026-04-28 10:37:04,137 - INFO - Запрос успешно выполнен
2026-04-28 10:37:04,150 - INFO - Продукт 2071064 успешно обработан
2026-04-28 10:37:05,152 - INFO - Обработка продукта ID: 2022226
2026-04-28 10:37:07,594 - INFO - Отправка запроса к https://www.citilink.ru/graphql/, для получения данных об характеристик товара ID: 2022226
2026-04-28 10:37:08,752 - INFO - Запрос успешно выполнен
2026-04-28 10:37:08,754 - INFO - Отправка запроса к https://www.citilink.ru/graphql/, для получения данных об документов товара ID: 2022226
2026-04-28 10:37:09,843 - INFO - Запрос успешно выполнен
2026-04-28 10:37:09,848 - INFO - Отправка запроса к https://www.citilink.ru/graphql/, для получения данных об рейтинга товара ID: 2022226
2026-04-28 10:37:10,915 - INFO - Запрос успешно выполнен
2026-04-28 10:37:10,923 - INFO - Продукт 2022226 успешно обработан
2026-04-28 10:37:11,924 - INFO - Обработка продукта ID: 2071067
2026-04-28 10:37:13,784 - INFO - Отправка запроса к https://www.citilink.ru/graphql/, для получения данных об характеристик товара ID: 2071067
2026-04-28 10:37:15,400 - INFO - Запрос успешно выполнен
2026-04-28 10:37:15,412 - INFO - Отправка запроса к https://www.citilink.ru/graphql/, для получения данных об документов товара ID: 2071067
2026-04-28 10:37:16,604 - INFO - Запрос успешно выполнен
2026-04-28 10:37:16,606 - INFO - Отправка запроса к https://www.citilink.ru/graphql/, для получения данных об рейтинга товара ID: 2071067
2026-04-28 10:37:17,620 - INFO - Запрос успешно выполнен
2026-04-28 10:37:17,636 - INFO - Продукт 2071067 успешно обработан
2026-04-28 10:37:18,641 - INFO - Обработка продукта ID: 1901395
2026-04-28 10:37:20,657 - INFO - Отправка запроса к https://www.citilink.ru/graphql/, для получения данных об характеристик товара ID: 1901395
2026-04-28 10:37:21,975 - INFO - Запрос успешно выполнен
2026-04-28 10:37:21,980 - INFO - Отправка запроса к https://www.citilink.ru/graphql/, для получения данных об документов товара ID: 1901395
2026-04-28 10:37:23,290 - INFO - Запрос успешно выполнен
2026-04-28 10:37:23,292 - INFO - Отправка запроса к https://www.citilink.ru/graphql/, для получения данных об рейтинга товара ID: 1901395
2026-04-28 10:37:24,838 - INFO - Запрос успешно выполнен
2026-04-28 10:37:24,845 - INFO - Продукт 1901395 успешно обработан
2026-04-28 10:37:25,849 - INFO - Обработка продукта ID: 1862724
2026-04-28 10:37:28,029 - INFO - Отправка запроса к https://www.citilink.ru/graphql/, для получения данных об характеристик товара ID: 1862724
2026-04-28 10:37:29,343 - INFO - Запрос успешно выполнен
2026-04-28 10:37:29,348 - INFO - Отправка запроса к https://www.citilink.ru/graphql/, для получения данных об документов товара ID: 1862724
2026-04-28 10:37:30,376 - INFO - Запрос успешно выполнен
2026-04-28 10:37:30,380 - INFO - Отправка запроса к https://www.citilink.ru/graphql/, для получения данных об рейтинга товара ID: 1862724
2026-04-28 10:37:31,655 - INFO - Запрос успешно выполнен
2026-04-28 10:37:31,671 - INFO - Продукт 1862724 успешно обработан
2026-04-28 10:37:32,673 - INFO - Обработка продукта ID: 2005597
2026-04-28 10:37:35,340 - INFO - Отправка запроса к https://www.citilink.ru/graphql/, для получения данных об характеристик товара ID: 2005597
2026-04-28 10:37:36,625 - INFO - Запрос успешно выполнен
2026-04-28 10:37:36,629 - INFO - Отправка запроса к https://www.citilink.ru/graphql/, для получения данных об документов товара ID: 2005597
2026-04-28 10:37:37,785 - INFO - Запрос успешно выполнен
2026-04-28 10:37:37,790 - INFO - Отправка запроса к https://www.citilink.ru/graphql/, для получения данных об рейтинга товара ID: 2005597
2026-04-28 10:37:39,168 - INFO - Запрос успешно выполнен
2026-04-28 10:37:39,178 - INFO - Продукт 2005597 успешно обработан
2026-04-28 10:37:40,180 - INFO - Обработка продукта ID: 2053670
2026-04-28 10:37:41,718 - INFO - Отправка запроса к https://www.citilink.ru/graphql/, для получения данных об характеристик товара ID: 2053670
2026-04-28 10:37:42,948 - INFO - Запрос успешно выполнен
2026-04-28 10:37:42,951 - INFO - Отправка запроса к https://www.citilink.ru/graphql/, для получения данных об документов товара ID: 2053670
2026-04-28 10:37:44,188 - INFO - Запрос успешно выполнен
2026-04-28 10:37:44,191 - INFO - Отправка запроса к https://www.citilink.ru/graphql/, для получения данных об рейтинга товара ID: 2053670
2026-04-28 10:37:45,302 - INFO - Запрос успешно выполнен
2026-04-28 10:37:45,311 - INFO - Продукт 2053670 успешно обработан
2026-04-28 10:37:46,313 - INFO - Обработка продукта ID: 1773826
2026-04-28 10:37:48,089 - INFO - Отправка запроса к https://www.citilink.ru/graphql/, для получения данных об характеристик товара ID: 1773826
2026-04-28 10:37:49,603 - INFO - Запрос успешно выполнен
2026-04-28 10:37:49,603 - INFO - Отправка запроса к https://www.citilink.ru/graphql/, для получения данных об документов товара ID: 1773826
2026-04-28 10:37:50,847 - INFO - Запрос успешно выполнен
2026-04-28 10:37:50,853 - INFO - Отправка запроса к https://www.citilink.ru/graphql/, для получения данных об рейтинга товара ID: 1773826
2026-04-28 10:37:52,574 - INFO - Запрос успешно выполнен
2026-04-28 10:37:52,590 - INFO - Продукт 1773826 успешно обработан
2026-04-28 10:37:53,591 - INFO - Обработка продукта ID: 1795642
2026-04-28 10:37:54,684 - INFO - Отправка запроса к https://www.citilink.ru/graphql/, для получения данных об характеристик товара ID: 1795642
2026-04-28 10:37:55,827 - WARNING - Слишком много запросов. Ожидание 2 сек перед повторной попыткой... (попытка 1/2)
2026-04-28 10:37:57,828 - INFO - Отправка запроса к https://www.citilink.ru/graphql/, для получения данных об характеристик товара ID: 1795642
2026-04-28 10:37:58,958 - WARNING - Слишком много запросов. Ожидание 4 сек перед повторной попыткой... (попытка 2/2)
2026-04-28 10:38:02,961 - WARNING - Не удалось получить характеристики для продукта 1795642: Не удалось выполнить запрос после 2 попыток
2026-04-28 10:38:02,962 - INFO - Отправка запроса к https://www.citilink.ru/graphql/, для получения данных об документов товара ID: 1795642
2026-04-28 10:38:04,350 - INFO - Запрос успешно выполнен
2026-04-28 10:38:04,351 - INFO - Отправка запроса к https://www.citilink.ru/graphql/, для получения данных об рейтинга товара ID: 1795642
2026-04-28 10:38:05,720 - INFO - Запрос успешно выполнен
2026-04-28 10:38:05,729 - INFO - Продукт 1795642 успешно обработан
2026-04-28 10:38:06,730 - INFO - Обработка продукта ID: 2052994
2026-04-28 10:38:08,131 - INFO - Отправка запроса к https://www.citilink.ru/graphql/, для получения данных об характеристик товара ID: 2052994
2026-04-28 10:38:09,444 - INFO - Запрос успешно выполнен
2026-04-28 10:38:09,448 - INFO - Отправка запроса к https://www.citilink.ru/graphql/, для получения данных об документов товара ID: 2052994
2026-04-28 10:38:10,952 - INFO - Запрос успешно выполнен
2026-04-28 10:38:10,954 - INFO - Отправка запроса к https://www.citilink.ru/graphql/, для получения данных об рейтинга товара ID: 2052994
2026-04-28 10:38:12,668 - INFO - Запрос успешно выполнен
2026-04-28 10:38:12,677 - INFO - Продукт 2052994 успешно обработан
2026-04-28 10:38:13,678 - INFO - Обработка продукта ID: 1918506
2026-04-28 10:38:16,453 - INFO - Отправка запроса к https://www.citilink.ru/graphql/, для получения данных об характеристик товара ID: 1918506
2026-04-28 10:38:17,830 - INFO - Запрос успешно выполнен
2026-04-28 10:38:17,833 - INFO - Отправка запроса к https://www.citilink.ru/graphql/, для получения данных об документов товара ID: 1918506
2026-04-28 10:38:19,132 - INFO - Запрос успешно выполнен
2026-04-28 10:38:19,137 - INFO - Отправка запроса к https://www.citilink.ru/graphql/, для получения данных об рейтинга товара ID: 1918506
2026-04-28 10:38:20,412 - INFO - Запрос успешно выполнен
2026-04-28 10:38:20,420 - INFO - Продукт 1918506 успешно обработан
2026-04-28 10:38:21,421 - INFO - Обработка продукта ID: 1872489
2026-04-28 10:38:23,117 - INFO - Отправка запроса к https://www.citilink.ru/graphql/, для получения данных об характеристик товара ID: 1872489
2026-04-28 10:38:24,699 - INFO - Запрос успешно выполнен
2026-04-28 10:38:24,703 - INFO - Отправка запроса к https://www.citilink.ru/graphql/, для получения данных об документов товара ID: 1872489
2026-04-28 10:38:25,847 - INFO - Запрос успешно выполнен
2026-04-28 10:38:25,851 - INFO - Отправка запроса к https://www.citilink.ru/graphql/, для получения данных об рейтинга товара ID: 1872489
2026-04-28 10:38:28,309 - INFO - Запрос успешно выполнен
2026-04-28 10:38:28,317 - INFO - Продукт 1872489 успешно обработан
2026-04-28 10:38:29,319 - INFO - Обработка продукта ID: 2001568
2026-04-28 10:38:31,210 - INFO - Отправка запроса к https://www.citilink.ru/graphql/, для получения данных об характеристик товара ID: 2001568
2026-04-28 10:38:32,575 - INFO - Запрос успешно выполнен
2026-04-28 10:38:32,579 - INFO - Отправка запроса к https://www.citilink.ru/graphql/, для получения данных об документов товара ID: 2001568
2026-04-28 10:38:33,804 - INFO - Запрос успешно выполнен
2026-04-28 10:38:33,807 - INFO - Отправка запроса к https://www.citilink.ru/graphql/, для получения данных об рейтинга товара ID: 2001568
2026-04-28 10:38:35,596 - INFO - Запрос успешно выполнен
2026-04-28 10:38:35,603 - INFO - Продукт 2001568 успешно обработан
2026-04-28 10:38:36,605 - INFO - Обработка продукта ID: 1986130
2026-04-28 10:38:38,674 - INFO - Отправка запроса к https://www.citilink.ru/graphql/, для получения данных об характеристик товара ID: 1986130
2026-04-28 10:38:40,037 - INFO - Запрос успешно выполнен
2026-04-28 10:38:40,040 - INFO - Отправка запроса к https://www.citilink.ru/graphql/, для получения данных об документов товара ID: 1986130
2026-04-28 10:38:41,279 - INFO - Запрос успешно выполнен
2026-04-28 10:38:41,284 - INFO - Отправка запроса к https://www.citilink.ru/graphql/, для получения данных об рейтинга товара ID: 1986130
2026-04-28 10:38:42,604 - INFO - Запрос успешно выполнен
2026-04-28 10:38:42,610 - INFO - Продукт 1986130 успешно обработан
2026-04-28 10:38:43,612 - INFO - Обработка продукта ID: 2053672
2026-04-28 10:38:45,232 - INFO - Отправка запроса к https://www.citilink.ru/graphql/, для получения данных об характеристик товара ID: 2053672
2026-04-28 10:38:46,562 - INFO - Запрос успешно выполнен
2026-04-28 10:38:46,567 - INFO - Отправка запроса к https://www.citilink.ru/graphql/, для получения данных об документов товара ID: 2053672
2026-04-28 10:38:47,818 - INFO - Запрос успешно выполнен
2026-04-28 10:38:47,821 - INFO - Отправка запроса к https://www.citilink.ru/graphql/, для получения данных об рейтинга товара ID: 2053672
2026-04-28 10:38:49,093 - INFO - Запрос успешно выполнен
2026-04-28 10:38:49,100 - INFO - Продукт 2053672 успешно обработан
2026-04-28 10:38:50,105 - INFO - Обработка продукта ID: 498686
2026-04-28 10:38:51,636 - INFO - Отправка запроса к https://www.citilink.ru/graphql/, для получения данных об характеристик товара ID: 498686
2026-04-28 10:38:52,825 - INFO - Запрос успешно выполнен
2026-04-28 10:38:52,829 - INFO - Отправка запроса к https://www.citilink.ru/graphql/, для получения данных об документов товара ID: 498686
2026-04-28 10:38:53,980 - INFO - Запрос успешно выполнен
2026-04-28 10:38:53,991 - INFO - Отправка запроса к https://www.citilink.ru/graphql/, для получения данных об рейтинга товара ID: 498686
2026-04-28 10:38:55,752 - INFO - Запрос успешно выполнен
2026-04-28 10:38:55,760 - INFO - Продукт 498686 успешно обработан
2026-04-28 10:38:56,763 - INFO - Обработка продукта ID: 1990653
2026-04-28 10:38:58,647 - INFO - Отправка запроса к https://www.citilink.ru/graphql/, для получения данных об характеристик товара ID: 1990653
2026-04-28 10:39:00,013 - INFO - Запрос успешно выполнен
2026-04-28 10:39:00,019 - INFO - Отправка запроса к https://www.citilink.ru/graphql/, для получения данных об документов товара ID: 1990653
2026-04-28 10:39:01,217 - INFO - Запрос успешно выполнен
2026-04-28 10:39:01,220 - INFO - Отправка запроса к https://www.citilink.ru/graphql/, для получения данных об рейтинга товара ID: 1990653
2026-04-28 10:39:03,241 - INFO - Запрос успешно выполнен
2026-04-28 10:39:03,253 - INFO - Продукт 1990653 успешно обработан
2026-04-28 10:39:04,254 - INFO - Обработка продукта ID: 2161187
2026-04-28 10:39:05,849 - INFO - Отправка запроса к https://www.citilink.ru/graphql/, для получения данных об характеристик товара ID: 2161187
2026-04-28 10:39:07,005 - INFO - Запрос успешно выполнен
2026-04-28 10:39:07,009 - INFO - Отправка запроса к https://www.citilink.ru/graphql/, для получения данных об документов товара ID: 2161187
2026-04-28 10:39:08,668 - INFO - Запрос успешно выполнен
2026-04-28 10:39:08,672 - INFO - Отправка запроса к https://www.citilink.ru/graphql/, для получения данных об рейтинга товара ID: 2161187
2026-04-28 10:39:09,932 - INFO - Запрос успешно выполнен
2026-04-28 10:39:09,943 - INFO - Продукт 2161187 успешно обработан
2026-04-28 10:39:10,944 - INFO - Обработка страницы продукта №2
2026-04-28 10:39:10,944 - INFO - Отправка запроса к https://www.citilink.ru/graphql/, для получения данных об всех продуктов
2026-04-28 10:39:13,485 - INFO - Запрос успешно выполнен
2026-04-28 10:39:13,493 - INFO - Обработка продукта ID: 1791234
2026-04-28 10:39:15,253 - INFO - Отправка запроса к https://www.citilink.ru/graphql/, для получения данных об характеристик товара ID: 1791234
2026-04-28 10:39:16,464 - INFO - Запрос успешно выполнен
2026-04-28 10:39:16,466 - INFO - Отправка запроса к https://www.citilink.ru/graphql/, для получения данных об документов товара ID: 1791234
2026-04-28 10:39:17,711 - INFO - Запрос успешно выполнен
2026-04-28 10:39:17,715 - INFO - Отправка запроса к https://www.citilink.ru/graphql/, для получения данных об рейтинга товара ID: 1791234
2026-04-28 10:39:19,638 - INFO - Запрос успешно выполнен
2026-04-28 10:39:19,650 - INFO - Продукт 1791234 успешно обработан
2026-04-28 10:39:20,651 - INFO - Обработка продукта ID: 2003115
2026-04-28 10:39:23,117 - INFO - Отправка запроса к https://www.citilink.ru/graphql/, для получения данных об характеристик товара ID: 2003115
2026-04-28 10:39:24,494 - INFO - Запрос успешно выполнен
2026-04-28 10:39:24,502 - INFO - Отправка запроса к https://www.citilink.ru/graphql/, для получения данных об документов товара ID: 2003115
2026-04-28 10:39:25,859 - INFO - Запрос успешно выполнен
2026-04-28 10:39:25,863 - INFO - Отправка запроса к https://www.citilink.ru/graphql/, для получения данных об рейтинга товара ID: 2003115
2026-04-28 10:39:27,297 - INFO - Запрос успешно выполнен
2026-04-28 10:39:27,308 - INFO - Продукт 2003115 успешно обработан
2026-04-28 10:39:28,309 - INFO - Обработка продукта ID: 2004114
2026-04-28 10:39:30,823 - INFO - Отправка запроса к https://www.citilink.ru/graphql/, для получения данных об характеристик товара ID: 2004114
2026-04-28 10:39:32,166 - INFO - Запрос успешно выполнен
2026-04-28 10:39:32,169 - INFO - Отправка запроса к https://www.citilink.ru/graphql/, для получения данных об документов товара ID: 2004114
2026-04-28 10:39:33,350 - INFO - Запрос успешно выполнен
2026-04-28 10:39:33,354 - INFO - Отправка запроса к https://www.citilink.ru/graphql/, для получения данных об рейтинга товара ID: 2004114
2026-04-28 10:39:34,974 - WARNING - Слишком много запросов. Ожидание 2 сек перед повторной попыткой... (попытка 1/2)
2026-04-28 10:39:36,977 - INFO - Отправка запроса к https://www.citilink.ru/graphql/, для получения данных об рейтинга товара ID: 2004114
2026-04-28 10:39:38,665 - INFO - Запрос успешно выполнен
2026-04-28 10:39:38,675 - INFO - Продукт 2004114 успешно обработан
2026-04-28 10:39:39,678 - INFO - Обработка продукта ID: 2090784
2026-04-28 10:39:41,774 - INFO - Отправка запроса к https://www.citilink.ru/graphql/, для получения данных об характеристик товара ID: 2090784
2026-04-28 10:39:43,021 - INFO - Запрос успешно выполнен
2026-04-28 10:39:43,030 - INFO - Отправка запроса к https://www.citilink.ru/graphql/, для получения данных об документов товара ID: 2090784
2026-04-28 10:39:44,164 - INFO - Запрос успешно выполнен
2026-04-28 10:39:44,166 - INFO - Отправка запроса к https://www.citilink.ru/graphql/, для получения данных об рейтинга товара ID: 2090784
2026-04-28 10:39:45,622 - WARNING - Слишком много запросов. Ожидание 2 сек перед повторной попыткой... (попытка 1/2)
2026-04-28 10:39:47,625 - INFO - Отправка запроса к https://www.citilink.ru/graphql/, для получения данных об рейтинга товара ID: 2090784
2026-04-28 10:39:49,112 - WARNING - Слишком много запросов. Ожидание 4 сек перед повторной попыткой... (попытка 2/2)
2026-04-28 10:39:53,123 - WARNING - Не удалось получить рейтинг для продукта 2090784: Не удалось выполнить запрос после 2 попыток
2026-04-28 10:39:53,132 - INFO - Продукт 2090784 успешно обработан
2026-04-28 10:39:54,134 - INFO - Обработка продукта ID: 1723029
2026-04-28 10:39:55,942 - INFO - Отправка запроса к https://www.citilink.ru/graphql/, для получения данных об характеристик товара ID: 1723029
2026-04-28 10:39:57,138 - INFO - Запрос успешно выполнен
2026-04-28 10:39:57,142 - INFO - Отправка запроса к https://www.citilink.ru/graphql/, для получения данных об документов товара ID: 1723029
2026-04-28 10:39:58,262 - WARNING - Слишком много запросов. Ожидание 2 сек перед повторной попыткой... (попытка 1/2)
2026-04-28 10:40:00,265 - INFO - Отправка запроса к https://www.citilink.ru/graphql/, для получения данных об документов товара ID: 1723029
2026-04-28 10:40:01,809 - WARNING - Слишком много запросов. Ожидание 4 сек перед повторной попыткой... (попытка 2/2)
2026-04-28 10:40:05,812 - WARNING - Не удалось получить документы для продукта 1723029: Не удалось выполнить запрос после 2 попыток
2026-04-28 10:40:05,815 - INFO - Отправка запроса к https://www.citilink.ru/graphql/, для получения данных об рейтинга товара ID: 1723029
2026-04-28 10:40:07,340 - WARNING - Слишком много запросов. Ожидание 2 сек перед повторной попыткой... (попытка 1/2)
2026-04-28 10:40:09,342 - INFO - Отправка запроса к https://www.citilink.ru/graphql/, для получения данных об рейтинга товара ID: 1723029
2026-04-28 10:40:10,632 - WARNING - Слишком много запросов. Ожидание 4 сек перед повторной попыткой... (попытка 2/2)
2026-04-28 10:40:14,642 - WARNING - Не удалось получить рейтинг для продукта 1723029: Не удалось выполнить запрос после 2 попыток
2026-04-28 10:40:14,650 - INFO - Продукт 1723029 успешно обработан
2026-04-28 10:40:15,653 - INFO - Обработка продукта ID: 1782229
2026-04-28 10:40:16,799 - INFO - Отправка запроса к https://www.citilink.ru/graphql/, для получения данных об характеристик товара ID: 1782229
2026-04-28 10:40:17,831 - WARNING - Слишком много запросов. Ожидание 2 сек перед повторной попыткой... (попытка 1/2)
2026-04-28 10:40:19,833 - INFO - Отправка запроса к https://www.citilink.ru/graphql/, для получения данных об характеристик товара ID: 1782229
2026-04-28 10:40:20,987 - WARNING - Слишком много запросов. Ожидание 4 сек перед повторной попыткой... (попытка 2/2)
2026-04-28 10:40:24,992 - WARNING - Не удалось получить характеристики для продукта 1782229: Не удалось выполнить запрос после 2 попыток
2026-04-28 10:40:24,993 - INFO - Отправка запроса к https://www.citilink.ru/graphql/, для получения данных об документов товара ID: 1782229
2026-04-28 10:40:26,652 - WARNING - Слишком много запросов. Ожидание 2 сек перед повторной попыткой... (попытка 1/2)
2026-04-28 10:40:28,654 - INFO - Отправка запроса к https://www.citilink.ru/graphql/, для получения данных об документов товара ID: 1782229
2026-04-28 10:40:30,084 - WARNING - Слишком много запросов. Ожидание 4 сек перед повторной попыткой... (попытка 2/2)
2026-04-28 10:40:34,087 - WARNING - Не удалось получить документы для продукта 1782229: Не удалось выполнить запрос после 2 попыток
2026-04-28 10:40:34,089 - INFO - Отправка запроса к https://www.citilink.ru/graphql/, для получения данных об рейтинга товара ID: 1782229
2026-04-28 10:40:36,005 - WARNING - Слишком много запросов. Ожидание 2 сек перед повторной попыткой... (попытка 1/2)
2026-04-28 10:40:38,008 - INFO - Отправка запроса к https://www.citilink.ru/graphql/, для получения данных об рейтинга товара ID: 1782229
2026-04-28 10:40:39,901 - WARNING - Слишком много запросов. Ожидание 4 сек перед повторной попыткой... (попытка 2/2)
2026-04-28 10:40:43,903 - WARNING - Не удалось получить рейтинг для продукта 1782229: Не удалось выполнить запрос после 2 попыток
2026-04-28 10:40:43,909 - INFO - Продукт 1782229 успешно обработан
2026-04-28 10:40:44,911 - INFO - Обработка продукта ID: 2166345
2026-04-28 10:40:46,246 - INFO - Отправка запроса к https://www.citilink.ru/graphql/, для получения данных об характеристик товара ID: 2166345
2026-04-28 10:40:47,782 - WARNING - Слишком много запросов. Ожидание 2 сек перед повторной попыткой... (попытка 1/2)
2026-04-28 10:40:49,785 - INFO - Отправка запроса к https://www.citilink.ru/graphql/, для получения данных об характеристик товара ID: 2166345
2026-04-28 10:40:51,888 - WARNING - Слишком много запросов. Ожидание 4 сек перед повторной попыткой... (попытка 2/2)
2026-04-28 10:40:55,893 - WARNING - Не удалось получить характеристики для продукта 2166345: Не удалось выполнить запрос после 2 попыток
2026-04-28 10:40:55,897 - INFO - Отправка запроса к https://www.citilink.ru/graphql/, для получения данных об документов товара ID: 2166345
2026-04-28 10:40:57,319 - WARNING - Слишком много запросов. Ожидание 2 сек перед повторной попыткой... (попытка 1/2)
2026-04-28 10:40:59,321 - INFO - Отправка запроса к https://www.citilink.ru/graphql/, для получения данных об документов товара ID: 2166345
2026-04-28 10:41:00,450 - WARNING - Слишком много запросов. Ожидание 4 сек перед повторной попыткой... (попытка 2/2)
2026-04-28 10:41:04,453 - WARNING - Не удалось получить документы для продукта 2166345: Не удалось выполнить запрос после 2 попыток
2026-04-28 10:41:04,457 - INFO - Отправка запроса к https://www.citilink.ru/graphql/, для получения данных об рейтинга товара ID: 2166345
2026-04-28 10:41:05,833 - WARNING - Слишком много запросов. Ожидание 2 сек перед повторной попыткой... (попытка 1/2)
2026-04-28 10:41:07,835 - INFO - Отправка запроса к https://www.citilink.ru/graphql/, для получения данных об рейтинга товара ID: 2166345
2026-04-28 10:41:08,984 - WARNING - Слишком много запросов. Ожидание 4 сек перед повторной попыткой... (попытка 2/2)
2026-04-28 10:41:12,988 - WARNING - Не удалось получить рейтинг для продукта 2166345: Не удалось выполнить запрос после 2 попыток
2026-04-28 10:41:12,995 - INFO - Продукт 2166345 успешно обработан
2026-04-28 10:41:13,997 - INFO - Обработка продукта ID: 1986133
2026-04-28 10:41:15,140 - INFO - Отправка запроса к https://www.citilink.ru/graphql/, для получения данных об характеристик товара ID: 1986133
2026-04-28 10:41:16,558 - WARNING - Слишком много запросов. Ожидание 2 сек перед повторной попыткой... (попытка 1/2)
2026-04-28 10:41:18,560 - INFO - Отправка запроса к https://www.citilink.ru/graphql/, для получения данных об характеристик товара ID: 1986133
2026-04-28 10:41:20,045 - WARNING - Слишком много запросов. Ожидание 4 сек перед повторной попыткой... (попытка 2/2)
2026-04-28 10:41:24,050 - WARNING - Не удалось получить характеристики для продукта 1986133: Не удалось выполнить запрос после 2 попыток
2026-04-28 10:41:24,053 - INFO - Отправка запроса к https://www.citilink.ru/graphql/, для получения данных об документов товара ID: 1986133
2026-04-28 10:41:25,697 - WARNING - Слишком много запросов. Ожидание 2 сек перед повторной попыткой... (попытка 1/2)
2026-04-28 10:41:27,699 - INFO - Отправка запроса к https://www.citilink.ru/graphql/, для получения данных об документов товара ID: 1986133
2026-04-28 10:41:29,281 - WARNING - Слишком много запросов. Ожидание 4 сек перед повторной попыткой... (попытка 2/2)
2026-04-28 10:41:33,285 - WARNING - Не удалось получить документы для продукта 1986133: Не удалось выполнить запрос после 2 попыток
2026-04-28 10:41:33,285 - INFO - Отправка запроса к https://www.citilink.ru/graphql/, для получения данных об рейтинга товара ID: 1986133
2026-04-28 10:41:35,092 - WARNING - Слишком много запросов. Ожидание 2 сек перед повторной попыткой... (попытка 1/2)
2026-04-28 10:41:37,096 - INFO - Отправка запроса к https://www.citilink.ru/graphql/, для получения данных об рейтинга товара ID: 1986133
2026-04-28 10:41:38,377 - WARNING - Слишком много запросов. Ожидание 4 сек перед повторной попыткой... (попытка 2/2)
2026-04-28 10:41:42,382 - WARNING - Не удалось получить рейтинг для продукта 1986133: Не удалось выполнить запрос после 2 попыток
2026-04-28 10:41:42,390 - INFO - Продукт 1986133 успешно обработан
2026-04-28 10:41:43,391 - INFO - Обработка продукта ID: 1856329
2026-04-28 10:41:44,922 - INFO - Отправка запроса к https://www.citilink.ru/graphql/, для получения данных об характеристик товара ID: 1856329
2026-04-28 10:41:46,569 - WARNING - Слишком много запросов. Ожидание 2 сек перед повторной попыткой... (попытка 1/2)
2026-04-28 10:41:48,571 - INFO - Отправка запроса к https://www.citilink.ru/graphql/, для получения данных об характеристик товара ID: 1856329
2026-04-28 10:41:49,964 - WARNING - Слишком много запросов. Ожидание 4 сек перед повторной попыткой... (попытка 2/2)
2026-04-28 10:41:53,967 - WARNING - Не удалось получить характеристики для продукта 1856329: Не удалось выполнить запрос после 2 попыток
2026-04-28 10:41:53,969 - INFO - Отправка запроса к https://www.citilink.ru/graphql/, для получения данных об документов товара ID: 1856329
2026-04-28 10:41:55,594 - WARNING - Слишком много запросов. Ожидание 2 сек перед повторной попыткой... (попытка 1/2)
2026-04-28 10:41:57,597 - INFO - Отправка запроса к https://www.citilink.ru/graphql/, для получения данных об документов товара ID: 1856329
2026-04-28 10:41:59,472 - WARNING - Слишком много запросов. Ожидание 4 сек перед повторной попыткой... (попытка 2/2)
2026-04-28 10:42:03,476 - WARNING - Не удалось получить документы для продукта 1856329: Не удалось выполнить запрос после 2 попыток
2026-04-28 10:42:03,478 - INFO - Отправка запроса к https://www.citilink.ru/graphql/, для получения данных об рейтинга товара ID: 1856329
2026-04-28 10:42:05,300 - WARNING - Слишком много запросов. Ожидание 2 сек перед повторной попыткой... (попытка 1/2)
2026-04-28 10:42:07,303 - INFO - Отправка запроса к https://www.citilink.ru/graphql/, для получения данных об рейтинга товара ID: 1856329
2026-04-28 10:42:08,796 - WARNING - Слишком много запросов. Ожидание 4 сек перед повторной попыткой... (попытка 2/2)
2026-04-28 10:42:12,802 - WARNING - Не удалось получить рейтинг для продукта 1856329: Не удалось выполнить запрос после 2 попыток
2026-04-28 10:42:12,809 - INFO - Продукт 1856329 успешно обработан
2026-04-28 10:42:13,811 - INFO - Обработка продукта ID: 1806769
2026-04-28 10:42:15,451 - INFO - Отправка запроса к https://www.citilink.ru/graphql/, для получения данных об характеристик товара ID: 1806769
2026-04-28 10:42:17,088 - WARNING - Слишком много запросов. Ожидание 2 сек перед повторной попыткой... (попытка 1/2)
2026-04-28 10:42:19,091 - INFO - Отправка запроса к https://www.citilink.ru/graphql/, для получения данных об характеристик товара ID: 1806769
2026-04-28 10:42:20,256 - WARNING - Слишком много запросов. Ожидание 4 сек перед повторной попыткой... (попытка 2/2)
2026-04-28 10:42:24,261 - WARNING - Не удалось получить характеристики для продукта 1806769: Не удалось выполнить запрос после 2 попыток
2026-04-28 10:42:24,264 - INFO - Отправка запроса к https://www.citilink.ru/graphql/, для получения данных об документов товара ID: 1806769
2026-04-28 10:42:25,793 - WARNING - Слишком много запросов. Ожидание 2 сек перед повторной попыткой... (попытка 1/2)
2026-04-28 10:42:27,803 - INFO - Отправка запроса к https://www.citilink.ru/graphql/, для получения данных об документов товара ID: 1806769
2026-04-28 10:42:28,985 - WARNING - Слишком много запросов. Ожидание 4 сек перед повторной попыткой... (попытка 2/2)
2026-04-28 10:42:32,991 - WARNING - Не удалось получить документы для продукта 1806769: Не удалось выполнить запрос после 2 попыток
2026-04-28 10:42:32,995 - INFO - Отправка запроса к https://www.citilink.ru/graphql/, для получения данных об рейтинга товара ID: 1806769
2026-04-28 10:42:34,388 - WARNING - Слишком много запросов. Ожидание 2 сек перед повторной попыткой... (попытка 1/2)
2026-04-28 10:42:36,392 - INFO - Отправка запроса к https://www.citilink.ru/graphql/, для получения данных об рейтинга товара ID: 1806769
2026-04-28 10:42:37,970 - WARNING - Слишком много запросов. Ожидание 4 сек перед повторной попыткой... (попытка 2/2)
2026-04-28 10:42:41,974 - WARNING - Не удалось получить рейтинг для продукта 1806769: Не удалось выполнить запрос после 2 попыток
2026-04-28 10:42:41,980 - INFO - Продукт 1806769 успешно обработан
2026-04-28 10:42:42,983 - INFO - Обработка продукта ID: 2005621
2026-04-28 10:42:44,730 - INFO - Отправка запроса к https://www.citilink.ru/graphql/, для получения данных об характеристик товара ID: 2005621
2026-04-28 10:42:46,158 - WARNING - Слишком много запросов. Ожидание 2 сек перед повторной попыткой... (попытка 1/2)
2026-04-28 10:42:48,161 - INFO - Отправка запроса к https://www.citilink.ru/graphql/, для получения данных об характеристик товара ID: 2005621
2026-04-28 10:42:49,541 - WARNING - Слишком много запросов. Ожидание 4 сек перед повторной попыткой... (попытка 2/2)
2026-04-28 10:42:53,546 - WARNING - Не удалось получить характеристики для продукта 2005621: Не удалось выполнить запрос после 2 попыток
2026-04-28 10:42:53,548 - INFO - Отправка запроса к https://www.citilink.ru/graphql/, для получения данных об документов товара ID: 2005621
2026-04-28 10:42:54,945 - WARNING - Слишком много запросов. Ожидание 2 сек перед повторной попыткой... (попытка 1/2)
2026-04-28 10:42:56,947 - INFO - Отправка запроса к https://www.citilink.ru/graphql/, для получения данных об документов товара ID: 2005621
2026-04-28 10:42:59,572 - WARNING - Слишком много запросов. Ожидание 4 сек перед повторной попыткой... (попытка 2/2)
2026-04-28 10:43:03,580 - WARNING - Не удалось получить документы для продукта 2005621: Не удалось выполнить запрос после 2 попыток
2026-04-28 10:43:03,588 - INFO - Отправка запроса к https://www.citilink.ru/graphql/, для получения данных об рейтинга товара ID: 2005621
2026-04-28 10:43:05,005 - WARNING - Слишком много запросов. Ожидание 2 сек перед повторной попыткой... (попытка 1/2)
2026-04-28 10:43:07,010 - INFO - Отправка запроса к https://www.citilink.ru/graphql/, для получения данных об рейтинга товара ID: 2005621
2026-04-28 10:43:08,498 - WARNING - Слишком много запросов. Ожидание 4 сек перед повторной попыткой... (попытка 2/2)
2026-04-28 10:43:12,502 - WARNING - Не удалось получить рейтинг для продукта 2005621: Не удалось выполнить запрос после 2 попыток
2026-04-28 10:43:12,510 - INFO - Продукт 2005621 успешно обработан
2026-04-28 10:43:13,512 - INFO - Обработка продукта ID: 2004112
2026-04-28 10:43:14,948 - INFO - Отправка запроса к https://www.citilink.ru/graphql/, для получения данных об характеристик товара ID: 2004112
2026-04-28 10:43:17,215 - WARNING - Слишком много запросов. Ожидание 2 сек перед повторной попыткой... (попытка 1/2)
2026-04-28 10:43:19,217 - INFO - Отправка запроса к https://www.citilink.ru/graphql/, для получения данных об характеристик товара ID: 2004112
2026-04-28 10:43:20,791 - WARNING - Слишком много запросов. Ожидание 4 сек перед повторной попыткой... (попытка 2/2)
2026-04-28 10:43:24,797 - WARNING - Не удалось получить характеристики для продукта 2004112: Не удалось выполнить запрос после 2 попыток
2026-04-28 10:43:24,797 - INFO - Отправка запроса к https://www.citilink.ru/graphql/, для получения данных об документов товара ID: 2004112
2026-04-28 10:43:26,401 - INFO - Запрос успешно выполнен
2026-04-28 10:43:26,405 - INFO - Отправка запроса к https://www.citilink.ru/graphql/, для получения данных об рейтинга товара ID: 2004112
2026-04-28 10:43:29,534 - INFO - Запрос успешно выполнен
2026-04-28 10:43:29,543 - INFO - Продукт 2004112 успешно обработан
2026-04-28 10:43:30,545 - INFO - Обработка продукта ID: 1779475
2026-04-28 10:43:32,678 - INFO - Отправка запроса к https://www.citilink.ru/graphql/, для получения данных об характеристик товара ID: 1779475
2026-04-28 10:43:34,109 - INFO - Запрос успешно выполнен
2026-04-28 10:43:34,115 - INFO - Отправка запроса к https://www.citilink.ru/graphql/, для получения данных об документов товара ID: 1779475
2026-04-28 10:43:35,204 - INFO - Запрос успешно выполнен
2026-04-28 10:43:35,206 - INFO - Отправка запроса к https://www.citilink.ru/graphql/, для получения данных об рейтинга товара ID: 1779475
2026-04-28 10:43:37,055 - INFO - Запрос успешно выполнен
2026-04-28 10:43:37,066 - INFO - Продукт 1779475 успешно обработан
2026-04-28 10:43:38,068 - INFO - Обработка продукта ID: 2070902
2026-04-28 10:43:40,148 - INFO - Отправка запроса к https://www.citilink.ru/graphql/, для получения данных об характеристик товара ID: 2070902
2026-04-28 10:43:41,343 - INFO - Запрос успешно выполнен
2026-04-28 10:43:41,348 - INFO - Отправка запроса к https://www.citilink.ru/graphql/, для получения данных об документов товара ID: 2070902
2026-04-28 10:43:42,341 - INFO - Запрос успешно выполнен
2026-04-28 10:43:42,346 - INFO - Отправка запроса к https://www.citilink.ru/graphql/, для получения данных об рейтинга товара ID: 2070902
2026-04-28 10:43:43,536 - INFO - Запрос успешно выполнен
2026-04-28 10:43:43,546 - INFO - Продукт 2070902 успешно обработан
2026-04-28 10:43:44,549 - INFO - Обработка продукта ID: 1722986
2026-04-28 10:43:46,708 - INFO - Отправка запроса к https://www.citilink.ru/graphql/, для получения данных об характеристик товара ID: 1722986
2026-04-28 10:43:47,798 - INFO - Запрос успешно выполнен
2026-04-28 10:43:47,802 - INFO - Отправка запроса к https://www.citilink.ru/graphql/, для получения данных об документов товара ID: 1722986
2026-04-28 10:43:48,854 - INFO - Запрос успешно выполнен
2026-04-28 10:43:48,857 - INFO - Отправка запроса к https://www.citilink.ru/graphql/, для получения данных об рейтинга товара ID: 1722986
2026-04-28 10:43:50,164 - INFO - Запрос успешно выполнен
2026-04-28 10:43:50,172 - INFO - Продукт 1722986 успешно обработан
2026-04-28 10:43:51,173 - INFO - Обработка продукта ID: 1901398
2026-04-28 10:43:52,853 - INFO - Отправка запроса к https://www.citilink.ru/graphql/, для получения данных об характеристик товара ID: 1901398
2026-04-28 10:43:54,344 - INFO - Запрос успешно выполнен
2026-04-28 10:43:54,346 - INFO - Отправка запроса к https://www.citilink.ru/graphql/, для получения данных об документов товара ID: 1901398
2026-04-28 10:43:55,498 - INFO - Запрос успешно выполнен
2026-04-28 10:43:55,502 - INFO - Отправка запроса к https://www.citilink.ru/graphql/, для получения данных об рейтинга товара ID: 1901398
2026-04-28 10:43:57,541 - INFO - Запрос успешно выполнен
2026-04-28 10:43:57,551 - INFO - Продукт 1901398 успешно обработан
2026-04-28 10:43:58,553 - INFO - Обработка продукта ID: 2005613
2026-04-28 10:44:00,367 - INFO - Отправка запроса к https://www.citilink.ru/graphql/, для получения данных об характеристик товара ID: 2005613
2026-04-28 10:44:01,484 - INFO - Запрос успешно выполнен
2026-04-28 10:44:01,488 - INFO - Отправка запроса к https://www.citilink.ru/graphql/, для получения данных об документов товара ID: 2005613
2026-04-28 10:44:02,617 - INFO - Запрос успешно выполнен
2026-04-28 10:44:02,619 - INFO - Отправка запроса к https://www.citilink.ru/graphql/, для получения данных об рейтинга товара ID: 2005613
2026-04-28 10:44:03,991 - INFO - Запрос успешно выполнен
2026-04-28 10:44:03,997 - INFO - Продукт 2005613 успешно обработан
2026-04-28 10:44:05,001 - INFO - Обработка продукта ID: 1804915
2026-04-28 10:44:06,579 - INFO - Отправка запроса к https://www.citilink.ru/graphql/, для получения данных об характеристик товара ID: 1804915
2026-04-28 10:44:07,659 - INFO - Запрос успешно выполнен
2026-04-28 10:44:07,663 - INFO - Отправка запроса к https://www.citilink.ru/graphql/, для получения данных об документов товара ID: 1804915
2026-04-28 10:44:08,757 - INFO - Запрос успешно выполнен
2026-04-28 10:44:08,759 - INFO - Отправка запроса к https://www.citilink.ru/graphql/, для получения данных об рейтинга товара ID: 1804915
2026-04-28 10:44:09,954 - INFO - Запрос успешно выполнен
2026-04-28 10:44:09,963 - INFO - Продукт 1804915 успешно обработан
2026-04-28 10:44:10,964 - INFO - Обработка продукта ID: 1895164
2026-04-28 10:44:12,427 - INFO - Отправка запроса к https://www.citilink.ru/graphql/, для получения данных об характеристик товара ID: 1895164
2026-04-28 10:44:13,607 - INFO - Запрос успешно выполнен
2026-04-28 10:44:13,613 - INFO - Отправка запроса к https://www.citilink.ru/graphql/, для получения данных об документов товара ID: 1895164
2026-04-28 10:44:14,662 - INFO - Запрос успешно выполнен
2026-04-28 10:44:14,662 - INFO - Отправка запроса к https://www.citilink.ru/graphql/, для получения данных об рейтинга товара ID: 1895164
2026-04-28 10:44:15,861 - INFO - Запрос успешно выполнен
2026-04-28 10:44:15,877 - INFO - Продукт 1895164 успешно обработан
2026-04-28 10:44:16,879 - INFO - Обработка продукта ID: 1722987
2026-04-28 10:44:18,781 - INFO - Отправка запроса к https://www.citilink.ru/graphql/, для получения данных об характеристик товара ID: 1722987
2026-04-28 10:44:19,878 - WARNING - Слишком много запросов. Ожидание 2 сек перед повторной попыткой... (попытка 1/2)
2026-04-28 10:44:21,882 - INFO - Отправка запроса к https://www.citilink.ru/graphql/, для получения данных об характеристик товара ID: 1722987
2026-04-28 10:44:23,159 - INFO - Запрос успешно выполнен
2026-04-28 10:44:23,167 - INFO - Отправка запроса к https://www.citilink.ru/graphql/, для получения данных об документов товара ID: 1722987
2026-04-28 10:44:24,472 - INFO - Запрос успешно выполнен
2026-04-28 10:44:24,475 - INFO - Отправка запроса к https://www.citilink.ru/graphql/, для получения данных об рейтинга товара ID: 1722987
2026-04-28 10:44:26,102 - INFO - Запрос успешно выполнен
2026-04-28 10:44:26,112 - INFO - Продукт 1722987 успешно обработан
2026-04-28 10:44:27,113 - INFO - Обработка продукта ID: 1722989
2026-04-28 10:44:28,630 - INFO - Отправка запроса к https://www.citilink.ru/graphql/, для получения данных об характеристик товара ID: 1722989
2026-04-28 10:44:29,894 - INFO - Запрос успешно выполнен
2026-04-28 10:44:29,899 - INFO - Отправка запроса к https://www.citilink.ru/graphql/, для получения данных об документов товара ID: 1722989
2026-04-28 10:44:30,991 - INFO - Запрос успешно выполнен
2026-04-28 10:44:30,991 - INFO - Отправка запроса к https://www.citilink.ru/graphql/, для получения данных об рейтинга товара ID: 1722989
2026-04-28 10:44:32,349 - INFO - Запрос успешно выполнен
2026-04-28 10:44:32,360 - INFO - Продукт 1722989 успешно обработан
2026-04-28 10:44:33,361 - INFO - Обработка продукта ID: 1901394
2026-04-28 10:44:35,249 - INFO - Отправка запроса к https://www.citilink.ru/graphql/, для получения данных об характеристик товара ID: 1901394
2026-04-28 10:44:36,857 - INFO - Запрос успешно выполнен
2026-04-28 10:44:36,859 - INFO - Отправка запроса к https://www.citilink.ru/graphql/, для получения данных об документов товара ID: 1901394
2026-04-28 10:44:37,974 - INFO - Запрос успешно выполнен
2026-04-28 10:44:37,979 - INFO - Отправка запроса к https://www.citilink.ru/graphql/, для получения данных об рейтинга товара ID: 1901394
2026-04-28 10:44:39,074 - INFO - Запрос успешно выполнен
2026-04-28 10:44:39,083 - INFO - Продукт 1901394 успешно обработан
2026-04-28 10:44:40,084 - INFO - Обработка продукта ID: 1901393
2026-04-28 10:44:42,509 - INFO - Отправка запроса к https://www.citilink.ru/graphql/, для получения данных об характеристик товара ID: 1901393
2026-04-28 10:44:43,652 - INFO - Запрос успешно выполнен
2026-04-28 10:44:43,654 - INFO - Отправка запроса к https://www.citilink.ru/graphql/, для получения данных об документов товара ID: 1901393
2026-04-28 10:44:44,654 - INFO - Запрос успешно выполнен
2026-04-28 10:44:44,658 - INFO - Отправка запроса к https://www.citilink.ru/graphql/, для получения данных об рейтинга товара ID: 1901393
2026-04-28 10:44:45,972 - INFO - Запрос успешно выполнен
2026-04-28 10:44:45,986 - INFO - Продукт 1901393 успешно обработан
2026-04-28 10:44:46,989 - INFO - Обработка продукта ID: 2005599
2026-04-28 10:44:49,070 - INFO - Отправка запроса к https://www.citilink.ru/graphql/, для получения данных об характеристик товара ID: 2005599
2026-04-28 10:44:50,225 - INFO - Запрос успешно выполнен
2026-04-28 10:44:50,227 - INFO - Отправка запроса к https://www.citilink.ru/graphql/, для получения данных об документов товара ID: 2005599
2026-04-28 10:44:51,283 - INFO - Запрос успешно выполнен
2026-04-28 10:44:51,286 - INFO - Отправка запроса к https://www.citilink.ru/graphql/, для получения данных об рейтинга товара ID: 2005599
2026-04-28 10:44:52,330 - INFO - Запрос успешно выполнен
2026-04-28 10:44:52,341 - INFO - Продукт 2005599 успешно обработан
2026-04-28 10:44:53,342 - INFO - Обработка продукта ID: 1976477
2026-04-28 10:44:55,001 - INFO - Отправка запроса к https://www.citilink.ru/graphql/, для получения данных об характеристик товара ID: 1976477
2026-04-28 10:44:56,169 - INFO - Запрос успешно выполнен
2026-04-28 10:44:56,174 - INFO - Отправка запроса к https://www.citilink.ru/graphql/, для получения данных об документов товара ID: 1976477
2026-04-28 10:44:57,183 - INFO - Запрос успешно выполнен
2026-04-28 10:44:57,186 - INFO - Отправка запроса к https://www.citilink.ru/graphql/, для получения данных об рейтинга товара ID: 1976477
2026-04-28 10:44:58,289 - INFO - Запрос успешно выполнен
2026-04-28 10:44:58,298 - INFO - Продукт 1976477 успешно обработан
2026-04-28 10:44:59,299 - INFO - Обработка продукта ID: 2078633
2026-04-28 10:45:01,652 - INFO - Отправка запроса к https://www.citilink.ru/graphql/, для получения данных об характеристик товара ID: 2078633
2026-04-28 10:45:03,177 - INFO - Запрос успешно выполнен
2026-04-28 10:45:03,184 - INFO - Отправка запроса к https://www.citilink.ru/graphql/, для получения данных об документов товара ID: 2078633
2026-04-28 10:45:04,241 - INFO - Запрос успешно выполнен
2026-04-28 10:45:04,245 - INFO - Отправка запроса к https://www.citilink.ru/graphql/, для получения данных об рейтинга товара ID: 2078633
2026-04-28 10:45:05,413 - INFO - Запрос успешно выполнен
2026-04-28 10:45:05,429 - INFO - Продукт 2078633 успешно обработан
2026-04-28 10:45:06,430 - INFO - Обработка продукта ID: 1795644
2026-04-28 10:45:08,727 - INFO - Отправка запроса к https://www.citilink.ru/graphql/, для получения данных об характеристик товара ID: 1795644
2026-04-28 10:45:10,263 - INFO - Запрос успешно выполнен
2026-04-28 10:45:10,263 - INFO - Отправка запроса к https://www.citilink.ru/graphql/, для получения данных об документов товара ID: 1795644
2026-04-28 10:45:11,398 - INFO - Запрос успешно выполнен
2026-04-28 10:45:11,401 - INFO - Отправка запроса к https://www.citilink.ru/graphql/, для получения данных об рейтинга товара ID: 1795644
2026-04-28 10:45:12,828 - INFO - Запрос успешно выполнен
2026-04-28 10:45:12,839 - INFO - Продукт 1795644 успешно обработан
2026-04-28 10:45:13,840 - INFO - Обработка продукта ID: 1881982
2026-04-28 10:45:15,736 - INFO - Отправка запроса к https://www.citilink.ru/graphql/, для получения данных об характеристик товара ID: 1881982
2026-04-28 10:45:16,851 - INFO - Запрос успешно выполнен
2026-04-28 10:45:16,854 - INFO - Отправка запроса к https://www.citilink.ru/graphql/, для получения данных об документов товара ID: 1881982
2026-04-28 10:45:17,892 - INFO - Запрос успешно выполнен
2026-04-28 10:45:17,896 - INFO - Отправка запроса к https://www.citilink.ru/graphql/, для получения данных об рейтинга товара ID: 1881982
2026-04-28 10:45:19,555 - INFO - Запрос успешно выполнен
2026-04-28 10:45:19,563 - INFO - Продукт 1881982 успешно обработан
2026-04-28 10:45:20,566 - INFO - Обработка продукта ID: 1875239
2026-04-28 10:45:22,558 - INFO - Отправка запроса к https://www.citilink.ru/graphql/, для получения данных об характеристик товара ID: 1875239
2026-04-28 10:45:23,940 - INFO - Запрос успешно выполнен
2026-04-28 10:45:23,940 - INFO - Отправка запроса к https://www.citilink.ru/graphql/, для получения данных об документов товара ID: 1875239
2026-04-28 10:45:25,188 - INFO - Запрос успешно выполнен
2026-04-28 10:45:25,191 - INFO - Отправка запроса к https://www.citilink.ru/graphql/, для получения данных об рейтинга товара ID: 1875239
2026-04-28 10:45:26,621 - INFO - Запрос успешно выполнен
2026-04-28 10:45:26,629 - INFO - Продукт 1875239 успешно обработан
2026-04-28 10:45:27,633 - INFO - Обработка продукта ID: 2089248
2026-04-28 10:45:29,498 - INFO - Отправка запроса к https://www.citilink.ru/graphql/, для получения данных об характеристик товара ID: 2089248
2026-04-28 10:45:30,824 - INFO - Запрос успешно выполнен
2026-04-28 10:45:30,828 - INFO - Отправка запроса к https://www.citilink.ru/graphql/, для получения данных об документов товара ID: 2089248
2026-04-28 10:45:32,008 - INFO - Запрос успешно выполнен
2026-04-28 10:45:32,010 - INFO - Отправка запроса к https://www.citilink.ru/graphql/, для получения данных об рейтинга товара ID: 2089248
2026-04-28 10:45:33,356 - INFO - Запрос успешно выполнен
2026-04-28 10:45:33,372 - INFO - Продукт 2089248 успешно обработан
2026-04-28 10:45:34,374 - INFO - Обработка продукта ID: 1779474
2026-04-28 10:45:35,969 - INFO - Отправка запроса к https://www.citilink.ru/graphql/, для получения данных об характеристик товара ID: 1779474
2026-04-28 10:45:37,377 - INFO - Запрос успешно выполнен
2026-04-28 10:45:37,382 - INFO - Отправка запроса к https://www.citilink.ru/graphql/, для получения данных об документов товара ID: 1779474
2026-04-28 10:45:38,426 - INFO - Запрос успешно выполнен
2026-04-28 10:45:38,429 - INFO - Отправка запроса к https://www.citilink.ru/graphql/, для получения данных об рейтинга товара ID: 1779474
2026-04-28 10:45:39,847 - INFO - Запрос успешно выполнен
2026-04-28 10:45:39,858 - INFO - Продукт 1779474 успешно обработан
2026-04-28 10:45:40,859 - INFO - Обработка продукта ID: 1873956
2026-04-28 10:45:43,075 - INFO - Отправка запроса к https://www.citilink.ru/graphql/, для получения данных об характеристик товара ID: 1873956
2026-04-28 10:45:44,327 - INFO - Запрос успешно выполнен
2026-04-28 10:45:44,336 - INFO - Отправка запроса к https://www.citilink.ru/graphql/, для получения данных об документов товара ID: 1873956
2026-04-28 10:45:45,513 - INFO - Запрос успешно выполнен
2026-04-28 10:45:45,515 - INFO - Отправка запроса к https://www.citilink.ru/graphql/, для получения данных об рейтинга товара ID: 1873956
2026-04-28 10:45:46,705 - INFO - Запрос успешно выполнен
2026-04-28 10:45:46,714 - INFO - Продукт 1873956 успешно обработан
2026-04-28 10:45:47,716 - INFO - Обработка продукта ID: 1875236
2026-04-28 10:45:49,359 - INFO - Отправка запроса к https://www.citilink.ru/graphql/, для получения данных об характеристик товара ID: 1875236
2026-04-28 10:45:50,765 - INFO - Запрос успешно выполнен
2026-04-28 10:45:50,768 - INFO - Отправка запроса к https://www.citilink.ru/graphql/, для получения данных об документов товара ID: 1875236
2026-04-28 10:45:52,234 - INFO - Запрос успешно выполнен
2026-04-28 10:45:52,240 - INFO - Отправка запроса к https://www.citilink.ru/graphql/, для получения данных об рейтинга товара ID: 1875236
2026-04-28 10:45:53,781 - INFO - Запрос успешно выполнен
2026-04-28 10:45:53,792 - INFO - Продукт 1875236 успешно обработан
2026-04-28 10:45:54,794 - INFO - Обработка продукта ID: 2002037
2026-04-28 10:45:56,365 - INFO - Отправка запроса к https://www.citilink.ru/graphql/, для получения данных об характеристик товара ID: 2002037
2026-04-28 10:45:57,358 - WARNING - Слишком много запросов. Ожидание 2 сек перед повторной попыткой... (попытка 1/2)
2026-04-28 10:45:59,361 - INFO - Отправка запроса к https://www.citilink.ru/graphql/, для получения данных об характеристик товара ID: 2002037
2026-04-28 10:46:00,467 - INFO - Запрос успешно выполнен
2026-04-28 10:46:00,470 - INFO - Отправка запроса к https://www.citilink.ru/graphql/, для получения данных об документов товара ID: 2002037
2026-04-28 10:46:01,514 - INFO - Запрос успешно выполнен
2026-04-28 10:46:01,517 - INFO - Отправка запроса к https://www.citilink.ru/graphql/, для получения данных об рейтинга товара ID: 2002037
2026-04-28 10:46:02,777 - INFO - Запрос успешно выполнен
2026-04-28 10:46:02,788 - INFO - Продукт 2002037 успешно обработан
2026-04-28 10:46:03,789 - INFO - Обработка продукта ID: 1723001
2026-04-28 10:46:05,294 - INFO - Отправка запроса к https://www.citilink.ru/graphql/, для получения данных об характеристик товара ID: 1723001
2026-04-28 10:46:06,427 - INFO - Запрос успешно выполнен
2026-04-28 10:46:06,439 - INFO - Отправка запроса к https://www.citilink.ru/graphql/, для получения данных об документов товара ID: 1723001
2026-04-28 10:46:26,698 - WARNING - Ошибка соединения: ('Connection aborted.', RemoteDisconnected('Remote end closed connection without response'))
2026-04-28 10:46:26,698 - INFO - Повторная попытка через 3 секунды... (попытка 1/2)
2026-04-28 10:46:29,700 - INFO - Отправка запроса к https://www.citilink.ru/graphql/, для получения данных об документов товара ID: 1723001
2026-04-28 10:46:30,943 - INFO - Запрос успешно выполнен
2026-04-28 10:46:30,943 - INFO - Отправка запроса к https://www.citilink.ru/graphql/, для получения данных об рейтинга товара ID: 1723001
2026-04-28 10:46:32,164 - INFO - Запрос успешно выполнен
2026-04-28 10:46:32,169 - INFO - Продукт 1723001 успешно обработан
2026-04-28 10:46:33,172 - INFO - Обработка продукта ID: 2058956
2026-04-28 10:46:35,247 - INFO - Отправка запроса к https://www.citilink.ru/graphql/, для получения данных об характеристик товара ID: 2058956
2026-04-28 10:46:36,249 - INFO - Запрос успешно выполнен
2026-04-28 10:46:36,251 - INFO - Отправка запроса к https://www.citilink.ru/graphql/, для получения данных об документов товара ID: 2058956
2026-04-28 10:46:37,332 - INFO - Запрос успешно выполнен
2026-04-28 10:46:37,337 - INFO - Отправка запроса к https://www.citilink.ru/graphql/, для получения данных об рейтинга товара ID: 2058956
2026-04-28 10:46:38,433 - WARNING - Слишком много запросов. Ожидание 2 сек перед повторной попыткой... (попытка 1/2)
2026-04-28 10:46:40,436 - INFO - Отправка запроса к https://www.citilink.ru/graphql/, для получения данных об рейтинга товара ID: 2058956
2026-04-28 10:46:41,605 - INFO - Запрос успешно выполнен
2026-04-28 10:46:41,617 - INFO - Продукт 2058956 успешно обработан
2026-04-28 10:46:42,619 - INFO - Обработка продукта ID: 1927639
2026-04-28 10:46:44,000 - INFO - Отправка запроса к https://www.citilink.ru/graphql/, для получения данных об характеристик товара ID: 1927639
2026-04-28 10:46:45,137 - INFO - Запрос успешно выполнен
2026-04-28 10:46:45,140 - INFO - Отправка запроса к https://www.citilink.ru/graphql/, для получения данных об документов товара ID: 1927639
2026-04-28 10:46:46,263 - INFO - Запрос успешно выполнен
2026-04-28 10:46:46,263 - INFO - Отправка запроса к https://www.citilink.ru/graphql/, для получения данных об рейтинга товара ID: 1927639
2026-04-28 10:46:47,502 - INFO - Запрос успешно выполнен
2026-04-28 10:46:47,512 - INFO - Продукт 1927639 успешно обработан
2026-04-28 10:46:48,513 - INFO - Обработка продукта ID: 1791233
2026-04-28 10:46:50,094 - INFO - Отправка запроса к https://www.citilink.ru/graphql/, для получения данных об характеристик товара ID: 1791233
2026-04-28 10:46:51,173 - INFO - Запрос успешно выполнен
2026-04-28 10:46:51,177 - INFO - Отправка запроса к https://www.citilink.ru/graphql/, для получения данных об документов товара ID: 1791233
2026-04-28 10:46:52,823 - INFO - Запрос успешно выполнен
2026-04-28 10:46:52,830 - INFO - Отправка запроса к https://www.citilink.ru/graphql/, для получения данных об рейтинга товара ID: 1791233
2026-04-28 10:46:54,021 - INFO - Запрос успешно выполнен
2026-04-28 10:46:54,030 - INFO - Продукт 1791233 успешно обработан
2026-04-28 10:46:55,031 - INFO - Обработка продукта ID: 1722991
2026-04-28 10:46:56,629 - INFO - Отправка запроса к https://www.citilink.ru/graphql/, для получения данных об характеристик товара ID: 1722991
2026-04-28 10:46:57,679 - INFO - Запрос успешно выполнен
2026-04-28 10:46:57,682 - INFO - Отправка запроса к https://www.citilink.ru/graphql/, для получения данных об документов товара ID: 1722991
2026-04-28 10:46:58,966 - INFO - Запрос успешно выполнен
2026-04-28 10:46:58,977 - INFO - Отправка запроса к https://www.citilink.ru/graphql/, для получения данных об рейтинга товара ID: 1722991
2026-04-28 10:47:00,112 - INFO - Запрос успешно выполнен
2026-04-28 10:47:00,120 - INFO - Продукт 1722991 успешно обработан
2026-04-28 10:47:01,121 - INFO - Обработка продукта ID: 1982226
2026-04-28 10:47:02,414 - INFO - Отправка запроса к https://www.citilink.ru/graphql/, для получения данных об характеристик товара ID: 1982226
2026-04-28 10:47:03,598 - INFO - Запрос успешно выполнен
2026-04-28 10:47:03,600 - INFO - Отправка запроса к https://www.citilink.ru/graphql/, для получения данных об документов товара ID: 1982226
2026-04-28 10:47:04,704 - INFO - Запрос успешно выполнен
2026-04-28 10:47:04,708 - INFO - Отправка запроса к https://www.citilink.ru/graphql/, для получения данных об рейтинга товара ID: 1982226
2026-04-28 10:47:06,064 - INFO - Запрос успешно выполнен
2026-04-28 10:47:06,074 - INFO - Продукт 1982226 успешно обработан
2026-04-28 10:47:07,075 - INFO - Обработка продукта ID: 2106142
2026-04-28 10:47:09,071 - INFO - Отправка запроса к https://www.citilink.ru/graphql/, для получения данных об характеристик товара ID: 2106142
2026-04-28 10:47:10,385 - INFO - Запрос успешно выполнен
2026-04-28 10:47:10,387 - INFO - Отправка запроса к https://www.citilink.ru/graphql/, для получения данных об документов товара ID: 2106142
2026-04-28 10:47:11,541 - INFO - Запрос успешно выполнен
2026-04-28 10:47:11,544 - INFO - Отправка запроса к https://www.citilink.ru/graphql/, для получения данных об рейтинга товара ID: 2106142
2026-04-28 10:47:12,949 - INFO - Запрос успешно выполнен
2026-04-28 10:47:12,960 - INFO - Продукт 2106142 успешно обработан
2026-04-28 10:47:13,962 - INFO - Обработка продукта ID: 1874783
2026-04-28 10:47:15,880 - INFO - Отправка запроса к https://www.citilink.ru/graphql/, для получения данных об характеристик товара ID: 1874783
2026-04-28 10:47:17,130 - INFO - Запрос успешно выполнен
2026-04-28 10:47:17,133 - INFO - Отправка запроса к https://www.citilink.ru/graphql/, для получения данных об документов товара ID: 1874783
2026-04-28 10:47:18,293 - INFO - Запрос успешно выполнен
2026-04-28 10:47:18,295 - INFO - Отправка запроса к https://www.citilink.ru/graphql/, для получения данных об рейтинга товара ID: 1874783
2026-04-28 10:47:19,499 - INFO - Запрос успешно выполнен
2026-04-28 10:47:19,511 - INFO - Продукт 1874783 успешно обработан
2026-04-28 10:47:20,512 - INFO - Обработка продукта ID: 1875231
2026-04-28 10:47:23,081 - INFO - Отправка запроса к https://www.citilink.ru/graphql/, для получения данных об характеристик товара ID: 1875231
2026-04-28 10:47:24,297 - INFO - Запрос успешно выполнен
2026-04-28 10:47:24,299 - INFO - Отправка запроса к https://www.citilink.ru/graphql/, для получения данных об документов товара ID: 1875231
2026-04-28 10:47:25,423 - INFO - Запрос успешно выполнен
2026-04-28 10:47:25,425 - INFO - Отправка запроса к https://www.citilink.ru/graphql/, для получения данных об рейтинга товара ID: 1875231
2026-04-28 10:47:27,455 - INFO - Запрос успешно выполнен
2026-04-28 10:47:27,465 - INFO - Продукт 1875231 успешно обработан
2026-04-28 10:47:28,467 - INFO - Обработка продукта ID: 2071060
2026-04-28 10:47:30,893 - INFO - Отправка запроса к https://www.citilink.ru/graphql/, для получения данных об характеристик товара ID: 2071060
2026-04-28 10:47:32,089 - INFO - Запрос успешно выполнен
2026-04-28 10:47:32,091 - INFO - Отправка запроса к https://www.citilink.ru/graphql/, для получения данных об документов товара ID: 2071060
2026-04-28 10:47:33,365 - INFO - Запрос успешно выполнен
2026-04-28 10:47:33,367 - INFO - Отправка запроса к https://www.citilink.ru/graphql/, для получения данных об рейтинга товара ID: 2071060
2026-04-28 10:47:34,643 - INFO - Запрос успешно выполнен
2026-04-28 10:47:34,655 - INFO - Продукт 2071060 успешно обработан
2026-04-28 10:47:35,656 - INFO - Обработка продукта ID: 1875234
2026-04-28 10:47:37,426 - INFO - Отправка запроса к https://www.citilink.ru/graphql/, для получения данных об характеристик товара ID: 1875234
2026-04-28 10:47:38,797 - INFO - Запрос успешно выполнен
2026-04-28 10:47:38,801 - INFO - Отправка запроса к https://www.citilink.ru/graphql/, для получения данных об документов товара ID: 1875234
2026-04-28 10:47:40,020 - INFO - Запрос успешно выполнен
2026-04-28 10:47:40,020 - INFO - Отправка запроса к https://www.citilink.ru/graphql/, для получения данных об рейтинга товара ID: 1875234
2026-04-28 10:47:41,400 - INFO - Запрос успешно выполнен
2026-04-28 10:47:41,412 - INFO - Продукт 1875234 успешно обработан
2026-04-28 10:47:42,413 - INFO - Обработка продукта ID: 1901391
2026-04-28 10:47:44,339 - INFO - Отправка запроса к https://www.citilink.ru/graphql/, для получения данных об характеристик товара ID: 1901391
2026-04-28 10:47:46,020 - INFO - Запрос успешно выполнен
2026-04-28 10:47:46,022 - INFO - Отправка запроса к https://www.citilink.ru/graphql/, для получения данных об документов товара ID: 1901391
2026-04-28 10:47:47,283 - INFO - Запрос успешно выполнен
2026-04-28 10:47:47,283 - INFO - Отправка запроса к https://www.citilink.ru/graphql/, для получения данных об рейтинга товара ID: 1901391
2026-04-28 10:47:48,668 - INFO - Запрос успешно выполнен
2026-04-28 10:47:48,676 - INFO - Продукт 1901391 успешно обработан
2026-04-28 10:47:49,678 - INFO - Обработка продукта ID: 2122680
2026-04-28 10:47:52,767 - INFO - Отправка запроса к https://www.citilink.ru/graphql/, для получения данных об характеристик товара ID: 2122680
2026-04-28 10:47:54,507 - INFO - Запрос успешно выполнен
2026-04-28 10:47:54,511 - INFO - Отправка запроса к https://www.citilink.ru/graphql/, для получения данных об документов товара ID: 2122680
2026-04-28 10:47:55,627 - INFO - Запрос успешно выполнен
2026-04-28 10:47:55,631 - INFO - Отправка запроса к https://www.citilink.ru/graphql/, для получения данных об рейтинга товара ID: 2122680
2026-04-28 10:47:56,920 - INFO - Запрос успешно выполнен
2026-04-28 10:47:56,928 - INFO - Продукт 2122680 успешно обработан
2026-04-28 10:47:57,933 - INFO - Обработка продукта ID: 2106145
2026-04-28 10:47:59,631 - INFO - Отправка запроса к https://www.citilink.ru/graphql/, для получения данных об характеристик товара ID: 2106145
2026-04-28 10:48:00,958 - INFO - Запрос успешно выполнен
2026-04-28 10:48:00,961 - INFO - Отправка запроса к https://www.citilink.ru/graphql/, для получения данных об документов товара ID: 2106145
2026-04-28 10:48:02,170 - INFO - Запрос успешно выполнен
2026-04-28 10:48:02,174 - INFO - Отправка запроса к https://www.citilink.ru/graphql/, для получения данных об рейтинга товара ID: 2106145
2026-04-28 10:48:03,502 - INFO - Запрос успешно выполнен
2026-04-28 10:48:03,510 - INFO - Продукт 2106145 успешно обработан
2026-04-28 10:48:04,514 - INFO - Обработка страницы продукта №3
2026-04-28 10:48:04,514 - INFO - Отправка запроса к https://www.citilink.ru/graphql/, для получения данных об всех продуктов
2026-04-28 10:48:07,300 - INFO - Запрос успешно выполнен
2026-04-28 10:48:07,307 - INFO - Обработка продукта ID: 2106145
2026-04-28 10:48:08,853 - INFO - Отправка запроса к https://www.citilink.ru/graphql/, для получения данных об характеристик товара ID: 2106145
2026-04-28 10:48:10,298 - INFO - Запрос успешно выполнен
2026-04-28 10:48:10,301 - INFO - Отправка запроса к https://www.citilink.ru/graphql/, для получения данных об документов товара ID: 2106145
2026-04-28 10:48:11,646 - INFO - Запрос успешно выполнен
2026-04-28 10:48:11,662 - INFO - Отправка запроса к https://www.citilink.ru/graphql/, для получения данных об рейтинга товара ID: 2106145
2026-04-28 10:48:13,143 - INFO - Запрос успешно выполнен
2026-04-28 10:48:13,153 - INFO - Продукт 2106145 успешно обработан
2026-04-28 10:48:14,154 - INFO - Обработка продукта ID: 1723065
2026-04-28 10:48:15,965 - INFO - Отправка запроса к https://www.citilink.ru/graphql/, для получения данных об характеристик товара ID: 1723065
2026-04-28 10:48:17,200 - INFO - Запрос успешно выполнен
2026-04-28 10:48:17,205 - INFO - Отправка запроса к https://www.citilink.ru/graphql/, для получения данных об документов товара ID: 1723065
2026-04-28 10:48:18,354 - INFO - Запрос успешно выполнен
2026-04-28 10:48:18,358 - INFO - Отправка запроса к https://www.citilink.ru/graphql/, для получения данных об рейтинга товара ID: 1723065
2026-04-28 10:48:19,569 - INFO - Запрос успешно выполнен
2026-04-28 10:48:19,577 - INFO - Продукт 1723065 успешно обработан
2026-04-28 10:48:20,582 - INFO - Обработка продукта ID: 1795647
2026-04-28 10:48:22,379 - INFO - Отправка запроса к https://www.citilink.ru/graphql/, для получения данных об характеристик товара ID: 1795647
2026-04-28 10:48:24,534 - INFO - Запрос успешно выполнен
2026-04-28 10:48:24,534 - INFO - Отправка запроса к https://www.citilink.ru/graphql/, для получения данных об документов товара ID: 1795647
2026-04-28 10:48:26,089 - INFO - Запрос успешно выполнен
2026-04-28 10:48:26,096 - INFO - Отправка запроса к https://www.citilink.ru/graphql/, для получения данных об рейтинга товара ID: 1795647
2026-04-28 10:48:27,275 - INFO - Запрос успешно выполнен
2026-04-28 10:48:27,283 - INFO - Продукт 1795647 успешно обработан
2026-04-28 10:48:28,289 - INFO - Обработка продукта ID: 1930664
2026-04-28 10:48:29,611 - INFO - Отправка запроса к https://www.citilink.ru/graphql/, для получения данных об характеристик товара ID: 1930664
2026-04-28 10:48:30,658 - INFO - Запрос успешно выполнен
2026-04-28 10:48:30,662 - INFO - Отправка запроса к https://www.citilink.ru/graphql/, для получения данных об документов товара ID: 1930664
2026-04-28 10:48:31,913 - INFO - Запрос успешно выполнен
2026-04-28 10:48:31,916 - INFO - Отправка запроса к https://www.citilink.ru/graphql/, для получения данных об рейтинга товара ID: 1930664
2026-04-28 10:48:33,167 - INFO - Запрос успешно выполнен
2026-04-28 10:48:33,179 - INFO - Продукт 1930664 успешно обработан
2026-04-28 10:48:34,179 - INFO - Обработка продукта ID: 913437
2026-04-28 10:48:36,080 - INFO - Отправка запроса к https://www.citilink.ru/graphql/, для получения данных об характеристик товара ID: 913437
2026-04-28 10:48:37,172 - INFO - Запрос успешно выполнен
2026-04-28 10:48:37,184 - INFO - Отправка запроса к https://www.citilink.ru/graphql/, для получения данных об документов товара ID: 913437
2026-04-28 10:48:38,206 - INFO - Запрос успешно выполнен
2026-04-28 10:48:38,206 - INFO - Отправка запроса к https://www.citilink.ru/graphql/, для получения данных об рейтинга товара ID: 913437
2026-04-28 10:48:39,242 - INFO - Запрос успешно выполнен
2026-04-28 10:48:39,251 - INFO - Продукт 913437 успешно обработан
2026-04-28 10:48:40,253 - INFO - Обработка продукта ID: 499895
2026-04-28 10:48:42,112 - INFO - Отправка запроса к https://www.citilink.ru/graphql/, для получения данных об характеристик товара ID: 499895
2026-04-28 10:48:43,142 - INFO - Запрос успешно выполнен
2026-04-28 10:48:43,149 - INFO - Отправка запроса к https://www.citilink.ru/graphql/, для получения данных об документов товара ID: 499895
2026-04-28 10:48:44,211 - INFO - Запрос успешно выполнен
2026-04-28 10:48:44,211 - INFO - Отправка запроса к https://www.citilink.ru/graphql/, для получения данных об рейтинга товара ID: 499895
2026-04-28 10:48:45,447 - INFO - Запрос успешно выполнен
2026-04-28 10:48:45,461 - INFO - Продукт 499895 успешно обработан
2026-04-28 10:48:46,463 - INFO - Обработка продукта ID: 1795645
2026-04-28 10:48:48,987 - INFO - Отправка запроса к https://www.citilink.ru/graphql/, для получения данных об характеристик товара ID: 1795645
2026-04-28 10:48:50,290 - INFO - Запрос успешно выполнен
2026-04-28 10:48:50,290 - INFO - Отправка запроса к https://www.citilink.ru/graphql/, для получения данных об документов товара ID: 1795645
2026-04-28 10:48:51,388 - INFO - Запрос успешно выполнен
2026-04-28 10:48:51,391 - INFO - Отправка запроса к https://www.citilink.ru/graphql/, для получения данных об рейтинга товара ID: 1795645
2026-04-28 10:48:52,915 - INFO - Запрос успешно выполнен
2026-04-28 10:48:52,923 - INFO - Продукт 1795645 успешно обработан
2026-04-28 10:48:53,924 - INFO - Обработка продукта ID: 1881986
2026-04-28 10:48:55,952 - INFO - Отправка запроса к https://www.citilink.ru/graphql/, для получения данных об характеристик товара ID: 1881986
2026-04-28 10:48:57,077 - INFO - Запрос успешно выполнен
2026-04-28 10:48:57,081 - INFO - Отправка запроса к https://www.citilink.ru/graphql/, для получения данных об документов товара ID: 1881986
2026-04-28 10:48:58,605 - INFO - Запрос успешно выполнен
2026-04-28 10:48:58,607 - INFO - Отправка запроса к https://www.citilink.ru/graphql/, для получения данных об рейтинга товара ID: 1881986
2026-04-28 10:49:00,745 - INFO - Запрос успешно выполнен
2026-04-28 10:49:00,755 - INFO - Продукт 1881986 успешно обработан
2026-04-28 10:49:01,757 - INFO - Обработка продукта ID: 307916
2026-04-28 10:49:04,146 - INFO - Отправка запроса к https://www.citilink.ru/graphql/, для получения данных об характеристик товара ID: 307916
2026-04-28 10:49:05,165 - INFO - Запрос успешно выполнен
2026-04-28 10:49:05,183 - INFO - Отправка запроса к https://www.citilink.ru/graphql/, для получения данных об документов товара ID: 307916
2026-04-28 10:49:06,324 - INFO - Запрос успешно выполнен
2026-04-28 10:49:06,329 - INFO - Отправка запроса к https://www.citilink.ru/graphql/, для получения данных об рейтинга товара ID: 307916
2026-04-28 10:49:07,538 - INFO - Запрос успешно выполнен
2026-04-28 10:49:07,552 - INFO - Продукт 307916 успешно обработан
2026-04-28 10:49:08,554 - INFO - Обработка продукта ID: 1724136
2026-04-28 10:49:10,702 - INFO - Отправка запроса к https://www.citilink.ru/graphql/, для получения данных об характеристик товара ID: 1724136
2026-04-28 10:49:12,286 - INFO - Запрос успешно выполнен
2026-04-28 10:49:12,290 - INFO - Отправка запроса к https://www.citilink.ru/graphql/, для получения данных об документов товара ID: 1724136
2026-04-28 10:49:13,446 - INFO - Запрос успешно выполнен
2026-04-28 10:49:13,450 - INFO - Отправка запроса к https://www.citilink.ru/graphql/, для получения данных об рейтинга товара ID: 1724136
2026-04-28 10:49:14,791 - INFO - Запрос успешно выполнен
2026-04-28 10:49:14,800 - INFO - Продукт 1724136 успешно обработан
2026-04-28 10:49:15,801 - INFO - Обработка продукта ID: 2016074
2026-04-28 10:49:18,300 - INFO - Отправка запроса к https://www.citilink.ru/graphql/, для получения данных об характеристик товара ID: 2016074
2026-04-28 10:49:19,427 - INFO - Запрос успешно выполнен
2026-04-28 10:49:19,432 - INFO - Отправка запроса к https://www.citilink.ru/graphql/, для получения данных об документов товара ID: 2016074
2026-04-28 10:49:20,513 - INFO - Запрос успешно выполнен
2026-04-28 10:49:20,517 - INFO - Отправка запроса к https://www.citilink.ru/graphql/, для получения данных об рейтинга товара ID: 2016074
2026-04-28 10:49:21,577 - INFO - Запрос успешно выполнен
2026-04-28 10:49:21,589 - INFO - Продукт 2016074 успешно обработан
2026-04-28 10:49:22,590 - INFO - Обработка продукта ID: 375290
2026-04-28 10:49:24,533 - INFO - Отправка запроса к https://www.citilink.ru/graphql/, для получения данных об характеристик товара ID: 375290
2026-04-28 10:49:27,351 - INFO - Запрос успешно выполнен
2026-04-28 10:49:27,354 - INFO - Отправка запроса к https://www.citilink.ru/graphql/, для получения данных об документов товара ID: 375290
2026-04-28 10:49:28,486 - INFO - Запрос успешно выполнен
2026-04-28 10:49:28,490 - INFO - Отправка запроса к https://www.citilink.ru/graphql/, для получения данных об рейтинга товара ID: 375290
2026-04-28 10:49:30,232 - INFO - Запрос успешно выполнен
2026-04-28 10:49:30,242 - INFO - Продукт 375290 успешно обработан
2026-04-28 10:49:31,246 - INFO - Обработка продукта ID: 1013478
2026-04-28 10:49:33,025 - INFO - Отправка запроса к https://www.citilink.ru/graphql/, для получения данных об характеристик товара ID: 1013478
2026-04-28 10:49:34,555 - INFO - Запрос успешно выполнен
2026-04-28 10:49:34,560 - INFO - Отправка запроса к https://www.citilink.ru/graphql/, для получения данных об документов товара ID: 1013478
2026-04-28 10:49:35,830 - INFO - Запрос успешно выполнен
2026-04-28 10:49:35,833 - INFO - Отправка запроса к https://www.citilink.ru/graphql/, для получения данных об рейтинга товара ID: 1013478
2026-04-28 10:49:37,404 - INFO - Запрос успешно выполнен
2026-04-28 10:49:37,411 - INFO - Продукт 1013478 успешно обработан
2026-04-28 10:49:38,416 - INFO - Обработка продукта ID: 2005606
2026-04-28 10:49:40,608 - INFO - Отправка запроса к https://www.citilink.ru/graphql/, для получения данных об характеристик товара ID: 2005606
2026-04-28 10:49:42,693 - INFO - Запрос успешно выполнен
2026-04-28 10:49:42,697 - INFO - Отправка запроса к https://www.citilink.ru/graphql/, для получения данных об документов товара ID: 2005606
2026-04-28 10:49:43,765 - INFO - Запрос успешно выполнен
2026-04-28 10:49:43,765 - INFO - Отправка запроса к https://www.citilink.ru/graphql/, для получения данных об рейтинга товара ID: 2005606
2026-04-28 10:49:44,958 - INFO - Запрос успешно выполнен
2026-04-28 10:49:44,958 - INFO - Продукт 2005606 успешно обработан
2026-04-28 10:49:45,971 - INFO - Обработка продукта ID: 2106146
2026-04-28 10:49:47,983 - INFO - Отправка запроса к https://www.citilink.ru/graphql/, для получения данных об характеристик товара ID: 2106146
2026-04-28 10:49:49,051 - INFO - Запрос успешно выполнен
2026-04-28 10:49:49,066 - INFO - Отправка запроса к https://www.citilink.ru/graphql/, для получения данных об документов товара ID: 2106146
2026-04-28 10:49:50,171 - INFO - Запрос успешно выполнен
2026-04-28 10:49:50,175 - INFO - Отправка запроса к https://www.citilink.ru/graphql/, для получения данных об рейтинга товара ID: 2106146
2026-04-28 10:49:51,752 - INFO - Запрос успешно выполнен
2026-04-28 10:49:51,762 - INFO - Продукт 2106146 успешно обработан
2026-04-28 10:49:52,765 - INFO - Обработка продукта ID: 1906081
2026-04-28 10:49:56,635 - INFO - Отправка запроса к https://www.citilink.ru/graphql/, для получения данных об характеристик товара ID: 1906081
2026-04-28 10:49:57,819 - INFO - Запрос успешно выполнен
2026-04-28 10:49:57,823 - INFO - Отправка запроса к https://www.citilink.ru/graphql/, для получения данных об документов товара ID: 1906081
2026-04-28 10:49:59,271 - INFO - Запрос успешно выполнен
2026-04-28 10:49:59,271 - INFO - Отправка запроса к https://www.citilink.ru/graphql/, для получения данных об рейтинга товара ID: 1906081
2026-04-28 10:50:00,520 - INFO - Запрос успешно выполнен
2026-04-28 10:50:00,530 - INFO - Продукт 1906081 успешно обработан
2026-04-28 10:50:01,531 - INFO - Обработка продукта ID: 2161451
2026-04-28 10:50:04,258 - INFO - Отправка запроса к https://www.citilink.ru/graphql/, для получения данных об характеристик товара ID: 2161451
2026-04-28 10:50:05,595 - INFO - Запрос успешно выполнен
2026-04-28 10:50:05,598 - INFO - Отправка запроса к https://www.citilink.ru/graphql/, для получения данных об документов товара ID: 2161451
2026-04-28 10:50:06,935 - INFO - Запрос успешно выполнен
2026-04-28 10:50:06,935 - INFO - Отправка запроса к https://www.citilink.ru/graphql/, для получения данных об рейтинга товара ID: 2161451
2026-04-28 10:50:08,199 - INFO - Запрос успешно выполнен
2026-04-28 10:50:08,207 - INFO - Продукт 2161451 успешно обработан
2026-04-28 10:50:09,209 - INFO - Обработка продукта ID: 2166346
2026-04-28 10:50:11,626 - INFO - Отправка запроса к https://www.citilink.ru/graphql/, для получения данных об характеристик товара ID: 2166346
2026-04-28 10:50:13,359 - INFO - Запрос успешно выполнен
2026-04-28 10:50:13,359 - INFO - Отправка запроса к https://www.citilink.ru/graphql/, для получения данных об документов товара ID: 2166346
2026-04-28 10:50:14,520 - INFO - Запрос успешно выполнен
2026-04-28 10:50:14,523 - INFO - Отправка запроса к https://www.citilink.ru/graphql/, для получения данных об рейтинга товара ID: 2166346
2026-04-28 10:50:16,537 - INFO - Запрос успешно выполнен
2026-04-28 10:50:16,546 - INFO - Продукт 2166346 успешно обработан
2026-04-28 10:50:17,548 - INFO - Обработка продукта ID: 2166352
2026-04-28 10:50:20,235 - INFO - Отправка запроса к https://www.citilink.ru/graphql/, для получения данных об характеристик товара ID: 2166352
2026-04-28 10:50:21,460 - INFO - Запрос успешно выполнен
2026-04-28 10:50:21,464 - INFO - Отправка запроса к https://www.citilink.ru/graphql/, для получения данных об документов товара ID: 2166352
2026-04-28 10:50:22,580 - INFO - Запрос успешно выполнен
2026-04-28 10:50:22,583 - INFO - Отправка запроса к https://www.citilink.ru/graphql/, для получения данных об рейтинга товара ID: 2166352
2026-04-28 10:50:24,405 - INFO - Запрос успешно выполнен
2026-04-28 10:50:24,413 - INFO - Продукт 2166352 успешно обработан
2026-04-28 10:50:25,416 - INFO - Обработка продукта ID: 2166351
2026-04-28 10:50:28,105 - INFO - Отправка запроса к https://www.citilink.ru/graphql/, для получения данных об характеристик товара ID: 2166351
2026-04-28 10:50:33,566 - INFO - Запрос успешно выполнен
2026-04-28 10:50:33,572 - INFO - Отправка запроса к https://www.citilink.ru/graphql/, для получения данных об документов товара ID: 2166351
2026-04-28 10:50:35,372 - INFO - Запрос успешно выполнен
2026-04-28 10:50:35,384 - INFO - Отправка запроса к https://www.citilink.ru/graphql/, для получения данных об рейтинга товара ID: 2166351
2026-04-28 10:50:36,693 - INFO - Запрос успешно выполнен
2026-04-28 10:50:36,703 - INFO - Продукт 2166351 успешно обработан
2026-04-28 10:50:37,705 - INFO - Обработка продукта ID: 2166350
2026-04-28 10:50:40,304 - INFO - Отправка запроса к https://www.citilink.ru/graphql/, для получения данных об характеристик товара ID: 2166350
2026-04-28 10:50:41,667 - INFO - Запрос успешно выполнен
2026-04-28 10:50:41,669 - INFO - Отправка запроса к https://www.citilink.ru/graphql/, для получения данных об документов товара ID: 2166350
2026-04-28 10:50:42,838 - INFO - Запрос успешно выполнен
2026-04-28 10:50:42,842 - INFO - Отправка запроса к https://www.citilink.ru/graphql/, для получения данных об рейтинга товара ID: 2166350
2026-04-28 10:50:45,008 - INFO - Запрос успешно выполнен
2026-04-28 10:50:45,018 - INFO - Продукт 2166350 успешно обработан
2026-04-28 10:50:46,021 - INFO - Обработка продукта ID: 1688028
2026-04-28 10:50:48,199 - INFO - Отправка запроса к https://www.citilink.ru/graphql/, для получения данных об характеристик товара ID: 1688028
2026-04-28 10:50:49,561 - INFO - Запрос успешно выполнен
2026-04-28 10:50:49,564 - INFO - Отправка запроса к https://www.citilink.ru/graphql/, для получения данных об документов товара ID: 1688028
2026-04-28 10:50:50,675 - INFO - Запрос успешно выполнен
2026-04-28 10:50:50,678 - INFO - Отправка запроса к https://www.citilink.ru/graphql/, для получения данных об рейтинга товара ID: 1688028
2026-04-28 10:50:52,059 - INFO - Запрос успешно выполнен
2026-04-28 10:50:52,068 - INFO - Продукт 1688028 успешно обработан
2026-04-28 10:50:53,069 - INFO - Обработка продукта ID: 2166355
2026-04-28 10:50:55,857 - INFO - Отправка запроса к https://www.citilink.ru/graphql/, для получения данных об характеристик товара ID: 2166355
2026-04-28 10:50:57,532 - INFO - Запрос успешно выполнен
2026-04-28 10:50:57,536 - INFO - Отправка запроса к https://www.citilink.ru/graphql/, для получения данных об документов товара ID: 2166355
2026-04-28 10:50:58,616 - INFO - Запрос успешно выполнен
2026-04-28 10:50:58,618 - INFO - Отправка запроса к https://www.citilink.ru/graphql/, для получения данных об рейтинга товара ID: 2166355
2026-04-28 10:50:59,752 - INFO - Запрос успешно выполнен
2026-04-28 10:50:59,761 - INFO - Продукт 2166355 успешно обработан
2026-04-28 10:51:00,763 - INFO - Обработка продукта ID: 1976476
2026-04-28 10:51:02,870 - INFO - Отправка запроса к https://www.citilink.ru/graphql/, для получения данных об характеристик товара ID: 1976476
2026-04-28 10:51:04,167 - INFO - Запрос успешно выполнен
2026-04-28 10:51:04,171 - INFO - Отправка запроса к https://www.citilink.ru/graphql/, для получения данных об документов товара ID: 1976476
2026-04-28 10:51:05,463 - INFO - Запрос успешно выполнен
2026-04-28 10:51:05,466 - INFO - Отправка запроса к https://www.citilink.ru/graphql/, для получения данных об рейтинга товара ID: 1976476
2026-04-28 10:51:06,712 - INFO - Запрос успешно выполнен
2026-04-28 10:51:06,719 - INFO - Продукт 1976476 успешно обработан
2026-04-28 10:51:07,720 - INFO - Обработка продукта ID: 2166353
2026-04-28 10:51:09,704 - INFO - Отправка запроса к https://www.citilink.ru/graphql/, для получения данных об характеристик товара ID: 2166353
2026-04-28 10:51:11,065 - INFO - Запрос успешно выполнен
2026-04-28 10:51:11,067 - INFO - Отправка запроса к https://www.citilink.ru/graphql/, для получения данных об документов товара ID: 2166353
2026-04-28 10:51:12,192 - INFO - Запрос успешно выполнен
2026-04-28 10:51:12,197 - INFO - Отправка запроса к https://www.citilink.ru/graphql/, для получения данных об рейтинга товара ID: 2166353
2026-04-28 10:51:13,385 - INFO - Запрос успешно выполнен
2026-04-28 10:51:13,395 - INFO - Продукт 2166353 успешно обработан
2026-04-28 10:51:14,396 - INFO - Обработка продукта ID: 2024216
2026-04-28 10:51:16,337 - INFO - Отправка запроса к https://www.citilink.ru/graphql/, для получения данных об характеристик товара ID: 2024216
2026-04-28 10:51:17,471 - INFO - Запрос успешно выполнен
2026-04-28 10:51:17,472 - INFO - Отправка запроса к https://www.citilink.ru/graphql/, для получения данных об документов товара ID: 2024216
2026-04-28 10:51:18,588 - INFO - Запрос успешно выполнен
2026-04-28 10:51:18,591 - INFO - Отправка запроса к https://www.citilink.ru/graphql/, для получения данных об рейтинга товара ID: 2024216
2026-04-28 10:51:20,016 - INFO - Запрос успешно выполнен
2026-04-28 10:51:20,026 - INFO - Продукт 2024216 успешно обработан
2026-04-28 10:51:21,027 - INFO - Обработка продукта ID: 1723049
2026-04-28 10:51:23,167 - INFO - Отправка запроса к https://www.citilink.ru/graphql/, для получения данных об характеристик товара ID: 1723049
2026-04-28 10:51:24,661 - INFO - Запрос успешно выполнен
2026-04-28 10:51:24,663 - INFO - Отправка запроса к https://www.citilink.ru/graphql/, для получения данных об документов товара ID: 1723049
2026-04-28 10:51:25,868 - INFO - Запрос успешно выполнен
2026-04-28 10:51:25,870 - INFO - Отправка запроса к https://www.citilink.ru/graphql/, для получения данных об рейтинга товара ID: 1723049
2026-04-28 10:51:26,876 - INFO - Запрос успешно выполнен
2026-04-28 10:51:26,889 - INFO - Продукт 1723049 успешно обработан
2026-04-28 10:51:27,890 - INFO - Обработка продукта ID: 2167976
2026-04-28 10:51:30,465 - INFO - Отправка запроса к https://www.citilink.ru/graphql/, для получения данных об характеристик товара ID: 2167976
2026-04-28 10:51:32,300 - INFO - Запрос успешно выполнен
2026-04-28 10:51:32,303 - INFO - Отправка запроса к https://www.citilink.ru/graphql/, для получения данных об документов товара ID: 2167976
2026-04-28 10:51:33,536 - INFO - Запрос успешно выполнен
2026-04-28 10:51:33,536 - INFO - Отправка запроса к https://www.citilink.ru/graphql/, для получения данных об рейтинга товара ID: 2167976
2026-04-28 10:51:34,770 - INFO - Запрос успешно выполнен
2026-04-28 10:51:34,779 - INFO - Продукт 2167976 успешно обработан
2026-04-28 10:51:35,783 - INFO - Обработка продукта ID: 1872488
2026-04-28 10:51:37,947 - INFO - Отправка запроса к https://www.citilink.ru/graphql/, для получения данных об характеристик товара ID: 1872488
2026-04-28 10:51:39,334 - INFO - Запрос успешно выполнен
2026-04-28 10:51:39,335 - INFO - Отправка запроса к https://www.citilink.ru/graphql/, для получения данных об документов товара ID: 1872488
2026-04-28 10:51:40,482 - INFO - Запрос успешно выполнен
2026-04-28 10:51:40,484 - INFO - Отправка запроса к https://www.citilink.ru/graphql/, для получения данных об рейтинга товара ID: 1872488
2026-04-28 10:51:42,040 - INFO - Запрос успешно выполнен
2026-04-28 10:51:42,051 - INFO - Продукт 1872488 успешно обработан
2026-04-28 10:51:43,052 - INFO - Обработка продукта ID: 1779453
2026-04-28 10:51:45,634 - INFO - Отправка запроса к https://www.citilink.ru/graphql/, для получения данных об характеристик товара ID: 1779453
2026-04-28 10:51:46,885 - INFO - Запрос успешно выполнен
2026-04-28 10:51:46,887 - INFO - Отправка запроса к https://www.citilink.ru/graphql/, для получения данных об документов товара ID: 1779453
2026-04-28 10:51:48,120 - INFO - Запрос успешно выполнен
2026-04-28 10:51:48,124 - INFO - Отправка запроса к https://www.citilink.ru/graphql/, для получения данных об рейтинга товара ID: 1779453
2026-04-28 10:51:49,817 - INFO - Запрос успешно выполнен
2026-04-28 10:51:49,832 - INFO - Продукт 1779453 успешно обработан
2026-04-28 10:51:50,835 - INFO - Обработка продукта ID: 1723003
2026-04-28 10:51:53,305 - INFO - Отправка запроса к https://www.citilink.ru/graphql/, для получения данных об характеристик товара ID: 1723003
2026-04-28 10:51:54,620 - INFO - Запрос успешно выполнен
2026-04-28 10:51:54,625 - INFO - Отправка запроса к https://www.citilink.ru/graphql/, для получения данных об документов товара ID: 1723003
2026-04-28 10:51:55,903 - INFO - Запрос успешно выполнен
2026-04-28 10:51:55,903 - INFO - Отправка запроса к https://www.citilink.ru/graphql/, для получения данных об рейтинга товара ID: 1723003
2026-04-28 10:51:57,595 - INFO - Запрос успешно выполнен
2026-04-28 10:51:57,608 - INFO - Продукт 1723003 успешно обработан
2026-04-28 10:51:58,611 - INFO - Обработка продукта ID: 1987763
2026-04-28 10:52:01,089 - INFO - Отправка запроса к https://www.citilink.ru/graphql/, для получения данных об характеристик товара ID: 1987763
2026-04-28 10:52:02,945 - INFO - Запрос успешно выполнен
2026-04-28 10:52:02,948 - INFO - Отправка запроса к https://www.citilink.ru/graphql/, для получения данных об документов товара ID: 1987763
2026-04-28 10:52:04,013 - INFO - Запрос успешно выполнен
2026-04-28 10:52:04,017 - INFO - Отправка запроса к https://www.citilink.ru/graphql/, для получения данных об рейтинга товара ID: 1987763
2026-04-28 10:52:05,274 - INFO - Запрос успешно выполнен
2026-04-28 10:52:05,283 - INFO - Продукт 1987763 успешно обработан
2026-04-28 10:52:06,285 - INFO - Обработка продукта ID: 1992726
2026-04-28 10:52:07,947 - INFO - Отправка запроса к https://www.citilink.ru/graphql/, для получения данных об характеристик товара ID: 1992726
2026-04-28 10:52:09,109 - INFO - Запрос успешно выполнен
2026-04-28 10:52:09,113 - INFO - Отправка запроса к https://www.citilink.ru/graphql/, для получения данных об документов товара ID: 1992726
2026-04-28 10:52:10,217 - INFO - Запрос успешно выполнен
2026-04-28 10:52:10,221 - INFO - Отправка запроса к https://www.citilink.ru/graphql/, для получения данных об рейтинга товара ID: 1992726
2026-04-28 10:52:11,316 - INFO - Запрос успешно выполнен
2026-04-28 10:52:11,334 - INFO - Продукт 1992726 успешно обработан
2026-04-28 10:52:12,436 - INFO - Обработка категории processory успешно завершена
2026-04-28 10:52:12,436 - INFO - Данные сохранены в директории: data\processory
2026-04-28 10:52:12,436 - INFO - Общее количество товаров: 129
2026-04-28 10:52:12,450 - INFO - Также создан объединенный файл 'Товары.json' для совместимости

2026-04-28 10:52:12,825 - app.routes.admin - INFO - Начинаем автоматический импорт товаров...
2026-04-28 10:52:16,738 - app.routes.admin - INFO - Автоматический импорт товаров завершен успешно
2026-04-28 10:52:41,385 - app.routes.admin - INFO - Загружены локальные данные DNS: 99 товаров из 2 категорий
2026-04-28 10:57:50,907 - app.routes.admin - INFO - Загружены локальные данные DNS: 99 товаров из 2 категорий
2026-04-28 10:57:58,023 - app.routes.admin - INFO - Created .env file with category: materinskie-platy
2026-04-28 10:57:58,028 - app.routes.admin - INFO - === ЗАПУСК ПАРСЕРА CITILINK ===
2026-04-28 10:57:58,030 - app.routes.admin - INFO - Категория: materinskie-platy
2026-04-28 10:57:58,032 - app.routes.admin - INFO - Citilink parser started in background for category: materinskie-platy
2026-04-28 10:57:58,034 - app.routes.admin - INFO - Время запуска: 2026-04-28 10:57:58
2026-04-28 10:57:58,039 - app.routes.admin - INFO - Запуск процесса парсинга...
2026-04-28 10:57:58,372 - app.routes.admin - INFO - Загружены локальные данные DNS: 99 товаров из 2 категорий
2026-04-28 10:57:59,246 - app.routes.admin - ERROR - Ошибка чтения файла Citilink C:\Users\lime_\Desktop\DIP\new_pccon\app\utils\Citi_parser\data\materinskie-platy\Товары.json: Expecting value: line 2 column 1 (char 2)
2026-04-28 11:06:41,807 - app.routes.admin - INFO - Created .env file with category: materinskie-platy
2026-04-28 11:06:41,809 - app.routes.admin - INFO - === ЗАПУСК ПАРСЕРА CITILINK ===
2026-04-28 11:06:41,811 - app.routes.admin - INFO - Категория: materinskie-platy
2026-04-28 11:06:41,811 - app.routes.admin - INFO - Время запуска: 2026-04-28 11:06:41
2026-04-28 11:06:41,811 - app.routes.admin - INFO - Citilink parser started in background for category: materinskie-platy
2026-04-28 11:06:41,814 - app.routes.admin - INFO - Запуск процесса парсинга...
2026-04-28 11:06:42,122 - app.routes.admin - INFO - Загружены локальные данные DNS: 99 товаров из 2 категорий
2026-04-28 11:06:42,139 - app.routes.admin - ERROR - Ошибка чтения категории Citilink materinskie-platy: Expecting ',' delimiter: line 10781 column 2 (char 403540)
2026-04-28 11:06:42,995 - app.routes.admin - ERROR - Ошибка чтения файла Citilink C:\Users\lime_\Desktop\DIP\new_pccon\app\utils\Citi_parser\data\materinskie-platy\Товары.json: Expecting value: line 2 column 1 (char 2)
2026-04-28 11:07:00,703 - app.routes.admin - INFO - Парсер завершился с кодом: 0
2026-04-28 11:07:00,703 - app.routes.admin - ERROR - Ошибки парсера:
2026-04-28 11:06:42,572 - INFO - \u2139\ufe0f  Прокси отключены. Для включения установите USE_PROXY=true в .env файле
2026-04-28 11:06:42,575 - INFO - \u2139\ufe0f  Или используйте команду: python -c "from request_handler import enable_proxy; enable_proxy()"
2026-04-28 11:06:42,575 - INFO - Начало парсинга категории: materinskie-platy
2026-04-28 11:06:42,575 - INFO - Лимит товаров не задан (без ограничения)
2026-04-28 11:06:42,576 - INFO - Обработка страницы продукта №1
2026-04-28 11:06:42,580 - INFO - Отправка запроса к https://www.citilink.ru/graphql/, для получения данных об всех продуктов
2026-04-28 11:06:43,880 - WARNING - Слишком много запросов. Ожидание 2 сек перед повторной попыткой... (попытка 1/3)
2026-04-28 11:06:45,881 - INFO - Отправка запроса к https://www.citilink.ru/graphql/, для получения данных об всех продуктов
2026-04-28 11:06:47,164 - WARNING - Слишком много запросов. Ожидание 4 сек перед повторной попыткой... (попытка 2/3)
2026-04-28 11:06:51,172 - INFO - Отправка запроса к https://www.citilink.ru/graphql/, для получения данных об всех продуктов
2026-04-28 11:06:52,590 - WARNING - Слишком много запросов. Ожидание 8 сек перед повторной попыткой... (попытка 3/3)
2026-04-28 11:07:00,596 - ERROR - Ошибка при обработке страницы 1: Не удалось выполнить запрос после 3 попыток
2026-04-28 11:07:00,604 - WARNING - Не удалось получить товары для категории materinskie-platy
2026-04-28 11:07:00,607 - INFO - Также создан объединенный файл 'Товары.json' для совместимости

2026-04-28 11:07:00,708 - app.routes.admin - INFO - Начинаем автоматический импорт товаров...
2026-04-28 11:07:00,958 - app.routes.admin - INFO - Автоматический импорт товаров завершен успешно
2026-04-28 11:07:08,696 - app.routes.admin - INFO - Created .env file with category: materinskie-platy
2026-04-28 11:07:08,700 - app.routes.admin - INFO - === ЗАПУСК ПАРСЕРА CITILINK ===
2026-04-28 11:07:08,707 - app.routes.admin - INFO - Citilink parser started in background for category: materinskie-platy
2026-04-28 11:07:08,709 - app.routes.admin - INFO - Категория: materinskie-platy
2026-04-28 11:07:08,713 - app.routes.admin - INFO - Время запуска: 2026-04-28 11:07:08
2026-04-28 11:07:08,715 - app.routes.admin - INFO - Запуск процесса парсинга...
2026-04-28 11:07:09,045 - app.routes.admin - INFO - Загружены локальные данные DNS: 99 товаров из 2 категорий
2026-04-28 11:07:09,919 - app.routes.admin - ERROR - Ошибка чтения файла Citilink C:\Users\lime_\Desktop\DIP\new_pccon\app\utils\Citi_parser\data\materinskie-platy\Товары.json: Expecting value: line 2 column 1 (char 2)
2026-04-28 11:07:11,265 - app.routes.admin - INFO - Created .env file with category: materinskie-platy
2026-04-28 11:07:11,265 - app.routes.admin - INFO - === ЗАПУСК ПАРСЕРА CITILINK ===
2026-04-28 11:07:11,271 - app.routes.admin - INFO - Citilink parser started in background for category: materinskie-platy
2026-04-28 11:07:11,277 - app.routes.admin - INFO - Категория: materinskie-platy
2026-04-28 11:07:11,279 - app.routes.admin - INFO - Время запуска: 2026-04-28 11:07:11
2026-04-28 11:07:11,284 - app.routes.admin - INFO - Запуск процесса парсинга...
2026-04-28 11:07:11,606 - app.routes.admin - INFO - Загружены локальные данные DNS: 99 товаров из 2 категорий
2026-04-28 11:07:11,608 - app.routes.admin - ERROR - Ошибка чтения категории Citilink materinskie-platy: Expecting value: line 2 column 1 (char 2)
2026-04-28 11:07:12,413 - app.routes.admin - ERROR - Ошибка чтения файла Citilink C:\Users\lime_\Desktop\DIP\new_pccon\app\utils\Citi_parser\data\materinskie-platy\Товары.json: Expecting value: line 2 column 1 (char 2)
2026-04-28 11:07:28,127 - app.routes.admin - INFO - Парсер завершился с кодом: 0
2026-04-28 11:07:28,138 - app.routes.admin - ERROR - Ошибки парсера:
2026-04-28 11:07:09,508 - INFO - \u2139\ufe0f  Прокси отключены. Для включения установите USE_PROXY=true в .env файле
2026-04-28 11:07:09,511 - INFO - \u2139\ufe0f  Или используйте команду: python -c "from request_handler import enable_proxy; enable_proxy()"
2026-04-28 11:07:09,511 - INFO - Начало парсинга категории: materinskie-platy
2026-04-28 11:07:09,511 - INFO - Лимит товаров не задан (без ограничения)
2026-04-28 11:07:09,518 - INFO - Обработка страницы продукта №1
2026-04-28 11:07:09,518 - INFO - Отправка запроса к https://www.citilink.ru/graphql/, для получения данных об всех продуктов
2026-04-28 11:07:10,858 - WARNING - Слишком много запросов. Ожидание 2 сек перед повторной попыткой... (попытка 1/3)
2026-04-28 11:07:12,861 - INFO - Отправка запроса к https://www.citilink.ru/graphql/, для получения данных об всех продуктов
2026-04-28 11:07:14,323 - WARNING - Слишком много запросов. Ожидание 4 сек перед повторной попыткой... (попытка 2/3)
2026-04-28 11:07:18,327 - INFO - Отправка запроса к https://www.citilink.ru/graphql/, для получения данных об всех продуктов
2026-04-28 11:07:20,034 - WARNING - Слишком много запросов. Ожидание 8 сек перед повторной попыткой... (попытка 3/3)
2026-04-28 11:07:28,040 - ERROR - Ошибка при обработке страницы 1: Не удалось выполнить запрос после 3 попыток
2026-04-28 11:07:28,047 - WARNING - Не удалось получить товары для категории materinskie-platy
2026-04-28 11:07:28,052 - INFO - Также создан объединенный файл 'Товары.json' для совместимости

2026-04-28 11:07:28,141 - app.routes.admin - INFO - Начинаем автоматический импорт товаров...
2026-04-28 11:07:28,408 - app.routes.admin - INFO - Автоматический импорт товаров завершен успешно
2026-04-28 11:07:29,977 - app.routes.admin - INFO - Парсер завершился с кодом: 0
2026-04-28 11:07:29,977 - app.routes.admin - ERROR - Ошибки парсера:
2026-04-28 11:07:12,016 - INFO - \u2139\ufe0f  Прокси отключены. Для включения установите USE_PROXY=true в .env файле
2026-04-28 11:07:12,016 - INFO - \u2139\ufe0f  Или используйте команду: python -c "from request_handler import enable_proxy; enable_proxy()"
2026-04-28 11:07:12,016 - INFO - Начало парсинга категории: materinskie-platy
2026-04-28 11:07:12,016 - INFO - Лимит товаров не задан (без ограничения)
2026-04-28 11:07:12,024 - INFO - Обработка страницы продукта №1
2026-04-28 11:07:12,024 - INFO - Отправка запроса к https://www.citilink.ru/graphql/, для получения данных об всех продуктов
2026-04-28 11:07:13,107 - WARNING - Слишком много запросов. Ожидание 2 сек перед повторной попыткой... (попытка 1/3)
2026-04-28 11:07:15,109 - INFO - Отправка запроса к https://www.citilink.ru/graphql/, для получения данных об всех продуктов
2026-04-28 11:07:16,547 - WARNING - Слишком много запросов. Ожидание 4 сек перед повторной попыткой... (попытка 2/3)
2026-04-28 11:07:20,550 - INFO - Отправка запроса к https://www.citilink.ru/graphql/, для получения данных об всех продуктов
2026-04-28 11:07:21,868 - WARNING - Слишком много запросов. Ожидание 8 сек перед повторной попыткой... (попытка 3/3)
2026-04-28 11:07:29,875 - ERROR - Ошибка при обработке страницы 1: Не удалось выполнить запрос после 3 попыток
2026-04-28 11:07:29,883 - WARNING - Не удалось получить товары для категории materinskie-platy
2026-04-28 11:07:29,883 - INFO - Также создан объединенный файл 'Товары.json' для совместимости

2026-04-28 11:07:29,983 - app.routes.admin - INFO - Начинаем автоматический импорт товаров...
2026-04-28 11:07:30,240 - app.routes.admin - INFO - Автоматический импорт товаров завершен успешно
2026-04-28 11:07:57,266 - app.routes.admin - INFO - Загружены локальные данные DNS: 99 товаров из 2 категорий
2026-04-28 11:07:57,266 - app.routes.admin - ERROR - Ошибка чтения категории Citilink materinskie-platy: Extra data: line 2 column 2 (char 3)
2026-04-28 11:07:57,946 - app.routes.admin - ERROR - Ошибка чтения файла Citilink C:\Users\lime_\Desktop\DIP\new_pccon\app\utils\Citi_parser\data\materinskie-platy\Товары.json: Extra data: line 2 column 2 (char 3)
2026-04-28 11:08:45,630 - app.routes.admin - INFO - Исправляю файл: C:\Users\lime_\Desktop\DIP\new_pccon\app\utils\Citi_parser\data\materinskie-platy\Обзоры.json
2026-04-28 11:08:45,632 - app.routes.admin - WARNING - Не удалось исправить файл, удаляю: C:\Users\lime_\Desktop\DIP\new_pccon\app\utils\Citi_parser\data\materinskie-platy\Обзоры.json
2026-04-28 11:08:45,662 - app.routes.admin - INFO - Исправляю файл: C:\Users\lime_\Desktop\DIP\new_pccon\app\utils\Citi_parser\data\materinskie-platy\Отзывы.json
2026-04-28 11:08:45,664 - app.routes.admin - WARNING - Не удалось исправить файл, удаляю: C:\Users\lime_\Desktop\DIP\new_pccon\app\utils\Citi_parser\data\materinskie-platy\Отзывы.json
2026-04-28 11:08:45,669 - app.routes.admin - INFO - Исправляю файл: C:\Users\lime_\Desktop\DIP\new_pccon\app\utils\Citi_parser\data\materinskie-platy\Товары.json
2026-04-28 11:08:45,669 - app.routes.admin - WARNING - Не удалось исправить файл, удаляю: C:\Users\lime_\Desktop\DIP\new_pccon\app\utils\Citi_parser\data\materinskie-platy\Товары.json
2026-04-28 11:08:45,962 - app.routes.admin - INFO - Загружены локальные данные DNS: 99 товаров из 2 категорий
2026-04-28 11:11:38,467 - app.routes.admin - INFO - Парсер завершился с кодом: 0
2026-04-28 11:11:38,467 - app.routes.admin - ERROR - Ошибки парсера:
2026-04-28 10:57:58,807 - INFO - \u2139\ufe0f  Прокси отключены. Для включения установите USE_PROXY=true в .env файле
2026-04-28 10:57:58,810 - INFO - \u2139\ufe0f  Или используйте команду: python -c "from request_handler import enable_proxy; enable_proxy()"
2026-04-28 10:57:58,811 - INFO - Начало парсинга категории: materinskie-platy
2026-04-28 10:57:58,811 - INFO - Лимит товаров не задан (без ограничения)
2026-04-28 10:57:58,812 - INFO - Создана директория: data\materinskie-platy
2026-04-28 10:57:58,840 - INFO - Обработка страницы продукта №1
2026-04-28 10:57:58,842 - INFO - Отправка запроса к https://www.citilink.ru/graphql/, для получения данных об всех продуктов
2026-04-28 10:58:01,335 - INFO - Запрос успешно выполнен
2026-04-28 10:58:01,351 - INFO - Обработка продукта ID: 1901201
2026-04-28 10:58:02,888 - INFO - Отправка запроса к https://www.citilink.ru/graphql/, для получения данных об характеристик товара ID: 1901201
2026-04-28 10:58:04,086 - INFO - Запрос успешно выполнен
2026-04-28 10:58:04,089 - INFO - Отправка запроса к https://www.citilink.ru/graphql/, для получения данных об документов товара ID: 1901201
2026-04-28 10:58:05,210 - INFO - Запрос успешно выполнен
2026-04-28 10:58:05,210 - INFO - Отправка запроса к https://www.citilink.ru/graphql/, для получения данных об рейтинга товара ID: 1901201
2026-04-28 10:58:06,350 - INFO - Запрос успешно выполнен
2026-04-28 10:58:06,383 - INFO - Продукт 1901201 успешно обработан
2026-04-28 10:58:07,384 - INFO - Обработка продукта ID: 1621477
2026-04-28 10:58:09,129 - INFO - Отправка запроса к https://www.citilink.ru/graphql/, для получения данных об характеристик товара ID: 1621477
2026-04-28 10:58:10,298 - INFO - Запрос успешно выполнен
2026-04-28 10:58:10,303 - INFO - Отправка запроса к https://www.citilink.ru/graphql/, для получения данных об документов товара ID: 1621477
2026-04-28 10:58:11,342 - INFO - Запрос успешно выполнен
2026-04-28 10:58:11,346 - INFO - Отправка запроса к https://www.citilink.ru/graphql/, для получения данных об рейтинга товара ID: 1621477
2026-04-28 10:58:12,793 - INFO - Запрос успешно выполнен
2026-04-28 10:58:12,801 - INFO - Продукт 1621477 успешно обработан
2026-04-28 10:58:13,807 - INFO - Обработка продукта ID: 1468032
2026-04-28 10:58:15,810 - INFO - Отправка запроса к https://www.citilink.ru/graphql/, для получения данных об характеристик товара ID: 1468032
2026-04-28 10:58:16,974 - INFO - Запрос успешно выполнен
2026-04-28 10:58:16,981 - INFO - Отправка запроса к https://www.citilink.ru/graphql/, для получения данных об документов товара ID: 1468032
2026-04-28 10:58:18,061 - INFO - Запрос успешно выполнен
2026-04-28 10:58:18,065 - INFO - Отправка запроса к https://www.citilink.ru/graphql/, для получения данных об рейтинга товара ID: 1468032
2026-04-28 10:58:19,242 - WARNING - Слишком много запросов. Ожидание 2 сек перед повторной попыткой... (попытка 1/2)
2026-04-28 10:58:21,245 - INFO - Отправка запроса к https://www.citilink.ru/graphql/, для получения данных об рейтинга товара ID: 1468032
2026-04-28 10:58:23,672 - INFO - Запрос успешно выполнен
2026-04-28 10:58:23,682 - INFO - Продукт 1468032 успешно обработан
2026-04-28 10:58:24,684 - INFO - Обработка продукта ID: 1455653
2026-04-28 10:58:27,451 - INFO - Отправка запроса к https://www.citilink.ru/graphql/, для получения данных об характеристик товара ID: 1455653
2026-04-28 10:58:28,749 - WARNING - Слишком много запросов. Ожидание 2 сек перед повторной попыткой... (попытка 1/2)
2026-04-28 10:58:30,751 - INFO - Отправка запроса к https://www.citilink.ru/graphql/, для получения данных об характеристик товара ID: 1455653
2026-04-28 10:58:32,565 - INFO - Запрос успешно выполнен
2026-04-28 10:58:32,565 - INFO - Отправка запроса к https://www.citilink.ru/graphql/, для получения данных об документов товара ID: 1455653
2026-04-28 10:58:35,121 - WARNING - Слишком много запросов. Ожидание 2 сек перед повторной попыткой... (попытка 1/2)
2026-04-28 10:58:37,130 - INFO - Отправка запроса к https://www.citilink.ru/graphql/, для получения данных об документов товара ID: 1455653
2026-04-28 10:58:38,600 - INFO - Запрос успешно выполнен
2026-04-28 10:58:38,604 - INFO - Отправка запроса к https://www.citilink.ru/graphql/, для получения данных об рейтинга товара ID: 1455653
2026-04-28 10:58:40,234 - INFO - Запрос успешно выполнен
2026-04-28 10:58:40,245 - INFO - Продукт 1455653 успешно обработан
2026-04-28 10:58:41,247 - INFO - Обработка продукта ID: 1891999
2026-04-28 10:58:43,024 - INFO - Отправка запроса к https://www.citilink.ru/graphql/, для получения данных об характеристик товара ID: 1891999
2026-04-28 10:58:44,296 - INFO - Запрос успешно выполнен
2026-04-28 10:58:44,299 - INFO - Отправка запроса к https://www.citilink.ru/graphql/, для получения данных об документов товара ID: 1891999
2026-04-28 10:58:45,342 - WARNING - Слишком много запросов. Ожидание 2 сек перед повторной попыткой... (попытка 1/2)
2026-04-28 10:58:47,343 - INFO - Отправка запроса к https://www.citilink.ru/graphql/, для получения данных об документов товара ID: 1891999
2026-04-28 10:58:48,540 - INFO - Запрос успешно выполнен
2026-04-28 10:58:48,544 - INFO - Отправка запроса к https://www.citilink.ru/graphql/, для получения данных об рейтинга товара ID: 1891999
2026-04-28 10:58:50,786 - INFO - Запрос успешно выполнен
2026-04-28 10:58:50,795 - INFO - Продукт 1891999 успешно обработан
2026-04-28 10:58:51,797 - INFO - Обработка продукта ID: 2091174
2026-04-28 10:58:55,229 - INFO - Отправка запроса к https://www.citilink.ru/graphql/, для получения данных об характеристик товара ID: 2091174
2026-04-28 10:58:56,672 - INFO - Запрос успешно выполнен
2026-04-28 10:58:56,675 - INFO - Отправка запроса к https://www.citilink.ru/graphql/, для получения данных об документов товара ID: 2091174
2026-04-28 10:58:57,749 - INFO - Запрос успешно выполнен
2026-04-28 10:58:57,751 - INFO - Отправка запроса к https://www.citilink.ru/graphql/, для получения данных об рейтинга товара ID: 2091174
2026-04-28 10:58:59,184 - INFO - Запрос успешно выполнен
2026-04-28 10:58:59,209 - INFO - Продукт 2091174 успешно обработан
2026-04-28 10:59:00,211 - INFO - Обработка продукта ID: 2089998
2026-04-28 10:59:01,845 - INFO - Отправка запроса к https://www.citilink.ru/graphql/, для получения данных об характеристик товара ID: 2089998
2026-04-28 10:59:03,024 - INFO - Запрос успешно выполнен
2026-04-28 10:59:03,031 - INFO - Отправка запроса к https://www.citilink.ru/graphql/, для получения данных об документов товара ID: 2089998
2026-04-28 10:59:04,111 - INFO - Запрос успешно выполнен
2026-04-28 10:59:04,114 - INFO - Отправка запроса к https://www.citilink.ru/graphql/, для получения данных об рейтинга товара ID: 2089998
2026-04-28 10:59:05,341 - INFO - Запрос успешно выполнен
2026-04-28 10:59:05,351 - INFO - Продукт 2089998 успешно обработан
2026-04-28 10:59:06,355 - INFO - Обработка продукта ID: 1845409
2026-04-28 10:59:07,716 - INFO - Отправка запроса к https://www.citilink.ru/graphql/, для получения данных об характеристик товара ID: 1845409
2026-04-28 10:59:09,450 - INFO - Запрос успешно выполнен
2026-04-28 10:59:09,454 - INFO - Отправка запроса к https://www.citilink.ru/graphql/, для получения данных об документов товара ID: 1845409
2026-04-28 10:59:10,700 - WARNING - Слишком много запросов. Ожидание 2 сек перед повторной попыткой... (попытка 1/2)
2026-04-28 10:59:12,703 - INFO - Отправка запроса к https://www.citilink.ru/graphql/, для получения данных об документов товара ID: 1845409
2026-04-28 10:59:14,031 - WARNING - Слишком много запросов. Ожидание 4 сек перед повторной попыткой... (попытка 2/2)
2026-04-28 10:59:18,035 - WARNING - Не удалось получить документы для продукта 1845409: Не удалось выполнить запрос после 2 попыток
2026-04-28 10:59:18,038 - INFO - Отправка запроса к https://www.citilink.ru/graphql/, для получения данных об рейтинга товара ID: 1845409
2026-04-28 10:59:19,457 - INFO - Запрос успешно выполнен
2026-04-28 10:59:19,468 - INFO - Продукт 1845409 успешно обработан
2026-04-28 10:59:20,469 - INFO - Обработка продукта ID: 1410228
2026-04-28 10:59:22,248 - INFO - Отправка запроса к https://www.citilink.ru/graphql/, для получения данных об характеристик товара ID: 1410228
2026-04-28 10:59:23,253 - INFO - Запрос успешно выполнен
2026-04-28 10:59:23,253 - INFO - Отправка запроса к https://www.citilink.ru/graphql/, для получения данных об документов товара ID: 1410228
2026-04-28 10:59:24,377 - INFO - Запрос успешно выполнен
2026-04-28 10:59:24,381 - INFO - Отправка запроса к https://www.citilink.ru/graphql/, для получения данных об рейтинга товара ID: 1410228
2026-04-28 10:59:25,605 - WARNING - Слишком много запросов. Ожидание 2 сек перед повторной попыткой... (попытка 1/2)
2026-04-28 10:59:27,610 - INFO - Отправка запроса к https://www.citilink.ru/graphql/, для получения данных об рейтинга товара ID: 1410228
2026-04-28 10:59:29,103 - INFO - Запрос успешно выполнен
2026-04-28 10:59:29,113 - INFO - Продукт 1410228 успешно обработан
2026-04-28 10:59:30,115 - INFO - Обработка продукта ID: 1884428
2026-04-28 10:59:31,873 - INFO - Отправка запроса к https://www.citilink.ru/graphql/, для получения данных об характеристик товара ID: 1884428
2026-04-28 10:59:33,056 - INFO - Запрос успешно выполнен
2026-04-28 10:59:33,060 - INFO - Отправка запроса к https://www.citilink.ru/graphql/, для получения данных об документов товара ID: 1884428
2026-04-28 10:59:34,160 - INFO - Запрос успешно выполнен
2026-04-28 10:59:34,164 - INFO - Отправка запроса к https://www.citilink.ru/graphql/, для получения данных об рейтинга товара ID: 1884428
2026-04-28 10:59:35,327 - INFO - Запрос успешно выполнен
2026-04-28 10:59:35,340 - INFO - Продукт 1884428 успешно обработан
2026-04-28 10:59:36,340 - INFO - Обработка продукта ID: 2003271
2026-04-28 10:59:38,122 - INFO - Отправка запроса к https://www.citilink.ru/graphql/, для получения данных об характеристик товара ID: 2003271
2026-04-28 10:59:39,438 - INFO - Запрос успешно выполнен
2026-04-28 10:59:39,441 - INFO - Отправка запроса к https://www.citilink.ru/graphql/, для получения данных об документов товара ID: 2003271
2026-04-28 10:59:40,652 - INFO - Запрос успешно выполнен
2026-04-28 10:59:40,656 - INFO - Отправка запроса к https://www.citilink.ru/graphql/, для получения данных об рейтинга товара ID: 2003271
2026-04-28 10:59:42,099 - INFO - Запрос успешно выполнен
2026-04-28 10:59:42,102 - INFO - Продукт 2003271 успешно обработан
2026-04-28 10:59:43,111 - INFO - Обработка продукта ID: 1896764
2026-04-28 10:59:44,542 - INFO - Отправка запроса к https://www.citilink.ru/graphql/, для получения данных об характеристик товара ID: 1896764
2026-04-28 10:59:45,685 - INFO - Запрос успешно выполнен
2026-04-28 10:59:45,688 - INFO - Отправка запроса к https://www.citilink.ru/graphql/, для получения данных об документов товара ID: 1896764
2026-04-28 10:59:46,796 - INFO - Запрос успешно выполнен
2026-04-28 10:59:46,798 - INFO - Отправка запроса к https://www.citilink.ru/graphql/, для получения данных об рейтинга товара ID: 1896764
2026-04-28 10:59:48,025 - WARNING - Слишком много запросов. Ожидание 2 сек перед повторной попыткой... (попытка 1/2)
2026-04-28 10:59:50,028 - INFO - Отправка запроса к https://www.citilink.ru/graphql/, для получения данных об рейтинга товара ID: 1896764
2026-04-28 10:59:51,613 - INFO - Запрос успешно выполнен
2026-04-28 10:59:51,624 - INFO - Продукт 1896764 успешно обработан
2026-04-28 10:59:52,625 - INFO - Обработка продукта ID: 1970560
2026-04-28 10:59:54,411 - INFO - Отправка запроса к https://www.citilink.ru/graphql/, для получения данных об характеристик товара ID: 1970560
2026-04-28 10:59:55,461 - INFO - Запрос успешно выполнен
2026-04-28 10:59:55,464 - INFO - Отправка запроса к https://www.citilink.ru/graphql/, для получения данных об документов товара ID: 1970560
2026-04-28 10:59:56,550 - INFO - Запрос успешно выполнен
2026-04-28 10:59:56,551 - INFO - Отправка запроса к https://www.citilink.ru/graphql/, для получения данных об рейтинга товара ID: 1970560
2026-04-28 10:59:57,670 - INFO - Запрос успешно выполнен
2026-04-28 10:59:57,682 - INFO - Продукт 1970560 успешно обработан
2026-04-28 10:59:58,684 - INFO - Обработка продукта ID: 2001697
2026-04-28 11:00:00,260 - INFO - Отправка запроса к https://www.citilink.ru/graphql/, для получения данных об характеристик товара ID: 2001697
2026-04-28 11:00:04,067 - WARNING - Слишком много запросов. Ожидание 2 сек перед повторной попыткой... (попытка 1/2)
2026-04-28 11:00:06,072 - INFO - Отправка запроса к https://www.citilink.ru/graphql/, для получения данных об характеристик товара ID: 2001697
2026-04-28 11:00:07,395 - INFO - Запрос успешно выполнен
2026-04-28 11:00:07,401 - INFO - Отправка запроса к https://www.citilink.ru/graphql/, для получения данных об документов товара ID: 2001697
2026-04-28 11:00:08,724 - INFO - Запрос успешно выполнен
2026-04-28 11:00:08,729 - INFO - Отправка запроса к https://www.citilink.ru/graphql/, для получения данных об рейтинга товара ID: 2001697
2026-04-28 11:00:10,048 - WARNING - Слишком много запросов. Ожидание 2 сек перед повторной попыткой... (попытка 1/2)
2026-04-28 11:00:12,051 - INFO - Отправка запроса к https://www.citilink.ru/graphql/, для получения данных об рейтинга товара ID: 2001697
2026-04-28 11:00:13,333 - WARNING - Слишком много запросов. Ожидание 4 сек перед повторной попыткой... (попытка 2/2)
2026-04-28 11:00:17,337 - WARNING - Не удалось получить рейтинг для продукта 2001697: Не удалось выполнить запрос после 2 попыток
2026-04-28 11:00:17,348 - INFO - Продукт 2001697 успешно обработан
2026-04-28 11:00:18,350 - INFO - Обработка продукта ID: 1978627
2026-04-28 11:00:19,784 - INFO - Отправка запроса к https://www.citilink.ru/graphql/, для получения данных об характеристик товара ID: 1978627
2026-04-28 11:00:21,107 - INFO - Запрос успешно выполнен
2026-04-28 11:00:21,112 - INFO - Отправка запроса к https://www.citilink.ru/graphql/, для получения данных об документов товара ID: 1978627
2026-04-28 11:00:22,333 - WARNING - Слишком много запросов. Ожидание 2 сек перед повторной попыткой... (попытка 1/2)
2026-04-28 11:00:24,337 - INFO - Отправка запроса к https://www.citilink.ru/graphql/, для получения данных об документов товара ID: 1978627
2026-04-28 11:00:25,608 - INFO - Запрос успешно выполнен
2026-04-28 11:00:25,613 - INFO - Отправка запроса к https://www.citilink.ru/graphql/, для получения данных об рейтинга товара ID: 1978627
2026-04-28 11:00:27,760 - INFO - Запрос успешно выполнен
2026-04-28 11:00:27,770 - INFO - Продукт 1978627 успешно обработан
2026-04-28 11:00:28,772 - INFO - Обработка продукта ID: 2006558
2026-04-28 11:00:30,034 - INFO - Отправка запроса к https://www.citilink.ru/graphql/, для получения данных об характеристик товара ID: 2006558
2026-04-28 11:00:31,161 - INFO - Запрос успешно выполнен
2026-04-28 11:00:31,164 - INFO - Отправка запроса к https://www.citilink.ru/graphql/, для получения данных об документов товара ID: 2006558
2026-04-28 11:00:32,197 - INFO - Запрос успешно выполнен
2026-04-28 11:00:32,197 - INFO - Отправка запроса к https://www.citilink.ru/graphql/, для получения данных об рейтинга товара ID: 2006558
2026-04-28 11:00:33,262 - WARNING - Слишком много запросов. Ожидание 2 сек перед повторной попыткой... (попытка 1/2)
2026-04-28 11:00:35,265 - INFO - Отправка запроса к https://www.citilink.ru/graphql/, для получения данных об рейтинга товара ID: 2006558
2026-04-28 11:00:36,873 - INFO - Запрос успешно выполнен
2026-04-28 11:00:36,886 - INFO - Продукт 2006558 успешно обработан
2026-04-28 11:00:37,887 - INFO - Обработка продукта ID: 2159685
2026-04-28 11:00:40,254 - INFO - Отправка запроса к https://www.citilink.ru/graphql/, для получения данных об характеристик товара ID: 2159685
2026-04-28 11:00:41,684 - INFO - Запрос успешно выполнен
2026-04-28 11:00:41,684 - INFO - Отправка запроса к https://www.citilink.ru/graphql/, для получения данных об документов товара ID: 2159685
2026-04-28 11:00:43,114 - INFO - Запрос успешно выполнен
2026-04-28 11:00:43,118 - INFO - Отправка запроса к https://www.citilink.ru/graphql/, для получения данных об рейтинга товара ID: 2159685
2026-04-28 11:00:44,339 - WARNING - Слишком много запросов. Ожидание 2 сек перед повторной попыткой... (попытка 1/2)
2026-04-28 11:00:46,350 - INFO - Отправка запроса к https://www.citilink.ru/graphql/, для получения данных об рейтинга товара ID: 2159685
2026-04-28 11:00:47,728 - INFO - Запрос успешно выполнен
2026-04-28 11:00:47,736 - INFO - Продукт 2159685 успешно обработан
2026-04-28 11:00:48,739 - INFO - Обработка продукта ID: 1384319
2026-04-28 11:00:50,317 - INFO - Отправка запроса к https://www.citilink.ru/graphql/, для получения данных об характеристик товара ID: 1384319
2026-04-28 11:00:51,379 - INFO - Запрос успешно выполнен
2026-04-28 11:00:51,383 - INFO - Отправка запроса к https://www.citilink.ru/graphql/, для получения данных об документов товара ID: 1384319
2026-04-28 11:00:52,402 - INFO - Запрос успешно выполнен
2026-04-28 11:00:52,402 - INFO - Отправка запроса к https://www.citilink.ru/graphql/, для получения данных об рейтинга товара ID: 1384319
2026-04-28 11:00:53,668 - INFO - Запрос успешно выполнен
2026-04-28 11:00:53,680 - INFO - Продукт 1384319 успешно обработан
2026-04-28 11:00:54,683 - INFO - Обработка продукта ID: 1893609
2026-04-28 11:00:56,239 - INFO - Отправка запроса к https://www.citilink.ru/graphql/, для получения данных об характеристик товара ID: 1893609
2026-04-28 11:00:57,305 - INFO - Запрос успешно выполнен
2026-04-28 11:00:57,308 - INFO - Отправка запроса к https://www.citilink.ru/graphql/, для получения данных об документов товара ID: 1893609
2026-04-28 11:00:58,352 - WARNING - Слишком много запросов. Ожидание 2 сек перед повторной попыткой... (попытка 1/2)
2026-04-28 11:01:00,355 - INFO - Отправка запроса к https://www.citilink.ru/graphql/, для получения данных об документов товара ID: 1893609
2026-04-28 11:01:01,701 - INFO - Запрос успешно выполнен
2026-04-28 11:01:01,704 - INFO - Отправка запроса к https://www.citilink.ru/graphql/, для получения данных об рейтинга товара ID: 1893609
2026-04-28 11:01:02,981 - INFO - Запрос успешно выполнен
2026-04-28 11:01:02,993 - INFO - Продукт 1893609 успешно обработан
2026-04-28 11:01:03,994 - INFO - Обработка продукта ID: 1907539
2026-04-28 11:01:05,235 - INFO - Отправка запроса к https://www.citilink.ru/graphql/, для получения данных об характеристик товара ID: 1907539
2026-04-28 11:01:06,372 - INFO - Запрос успешно выполнен
2026-04-28 11:01:06,374 - INFO - Отправка запроса к https://www.citilink.ru/graphql/, для получения данных об документов товара ID: 1907539
2026-04-28 11:01:07,595 - INFO - Запрос успешно выполнен
2026-04-28 11:01:07,600 - INFO - Отправка запроса к https://www.citilink.ru/graphql/, для получения данных об рейтинга товара ID: 1907539
2026-04-28 11:01:08,737 - INFO - Запрос успешно выполнен
2026-04-28 11:01:08,749 - INFO - Продукт 1907539 успешно обработан
2026-04-28 11:01:09,752 - INFO - Обработка продукта ID: 1793472
2026-04-28 11:01:11,182 - INFO - Отправка запроса к https://www.citilink.ru/graphql/, для получения данных об характеристик товара ID: 1793472
2026-04-28 11:01:12,404 - WARNING - Слишком много запросов. Ожидание 2 сек перед повторной попыткой... (попытка 1/2)
2026-04-28 11:01:14,406 - INFO - Отправка запроса к https://www.citilink.ru/graphql/, для получения данных об характеристик товара ID: 1793472
2026-04-28 11:01:15,686 - WARNING - Слишком много запросов. Ожидание 4 сек перед повторной попыткой... (попытка 2/2)
2026-04-28 11:01:19,692 - WARNING - Не удалось получить характеристики для продукта 1793472: Не удалось выполнить запрос после 2 попыток
2026-04-28 11:01:19,692 - INFO - Отправка запроса к https://www.citilink.ru/graphql/, для получения данных об документов товара ID: 1793472
2026-04-28 11:01:21,114 - WARNING - Слишком много запросов. Ожидание 2 сек перед повторной попыткой... (попытка 1/2)
2026-04-28 11:01:23,115 - INFO - Отправка запроса к https://www.citilink.ru/graphql/, для получения данных об документов товара ID: 1793472
2026-04-28 11:01:24,391 - INFO - Запрос успешно выполнен
2026-04-28 11:01:24,391 - INFO - Отправка запроса к https://www.citilink.ru/graphql/, для получения данных об рейтинга товара ID: 1793472
2026-04-28 11:01:25,815 - INFO - Запрос успешно выполнен
2026-04-28 11:01:25,823 - INFO - Продукт 1793472 успешно обработан
2026-04-28 11:01:26,824 - INFO - Обработка продукта ID: 1932992
2026-04-28 11:01:28,221 - INFO - Отправка запроса к https://www.citilink.ru/graphql/, для получения данных об характеристик товара ID: 1932992
2026-04-28 11:01:29,620 - INFO - Запрос успешно выполнен
2026-04-28 11:01:29,620 - INFO - Отправка запроса к https://www.citilink.ru/graphql/, для получения данных об документов товара ID: 1932992
2026-04-28 11:01:30,938 - INFO - Запрос успешно выполнен
2026-04-28 11:01:30,941 - INFO - Отправка запроса к https://www.citilink.ru/graphql/, для получения данных об рейтинга товара ID: 1932992
2026-04-28 11:01:32,317 - INFO - Запрос успешно выполнен
2026-04-28 11:01:32,326 - INFO - Продукт 1932992 успешно обработан
2026-04-28 11:01:33,328 - INFO - Обработка продукта ID: 1387920
2026-04-28 11:01:34,834 - INFO - Отправка запроса к https://www.citilink.ru/graphql/, для получения данных об характеристик товара ID: 1387920
2026-04-28 11:01:35,956 - INFO - Запрос успешно выполнен
2026-04-28 11:01:35,959 - INFO - Отправка запроса к https://www.citilink.ru/graphql/, для получения данных об документов товара ID: 1387920
2026-04-28 11:01:37,800 - INFO - Запрос успешно выполнен
2026-04-28 11:01:37,802 - INFO - Отправка запроса к https://www.citilink.ru/graphql/, для получения данных об рейтинга товара ID: 1387920
2026-04-28 11:01:39,139 - WARNING - Слишком много запросов. Ожидание 2 сек перед повторной попыткой... (попытка 1/2)
2026-04-28 11:01:41,141 - INFO - Отправка запроса к https://www.citilink.ru/graphql/, для получения данных об рейтинга товара ID: 1387920
2026-04-28 11:01:42,517 - INFO - Запрос успешно выполнен
2026-04-28 11:01:42,528 - INFO - Продукт 1387920 успешно обработан
2026-04-28 11:01:43,530 - INFO - Обработка продукта ID: 2002202
2026-04-28 11:01:44,771 - INFO - Отправка запроса к https://www.citilink.ru/graphql/, для получения данных об характеристик товара ID: 2002202
2026-04-28 11:01:46,004 - INFO - Запрос успешно выполнен
2026-04-28 11:01:46,010 - INFO - Отправка запроса к https://www.citilink.ru/graphql/, для получения данных об документов товара ID: 2002202
2026-04-28 11:01:47,024 - INFO - Запрос успешно выполнен
2026-04-28 11:01:47,028 - INFO - Отправка запроса к https://www.citilink.ru/graphql/, для получения данных об рейтинга товара ID: 2002202
2026-04-28 11:01:48,257 - INFO - Запрос успешно выполнен
2026-04-28 11:01:48,268 - INFO - Продукт 2002202 успешно обработан
2026-04-28 11:01:49,270 - INFO - Обработка продукта ID: 1981575
2026-04-28 11:01:51,235 - INFO - Отправка запроса к https://www.citilink.ru/graphql/, для получения данных об характеристик товара ID: 1981575
2026-04-28 11:01:52,444 - INFO - Запрос успешно выполнен
2026-04-28 11:01:52,449 - INFO - Отправка запроса к https://www.citilink.ru/graphql/, для получения данных об документов товара ID: 1981575
2026-04-28 11:01:53,590 - INFO - Запрос успешно выполнен
2026-04-28 11:01:53,592 - INFO - Отправка запроса к https://www.citilink.ru/graphql/, для получения данных об рейтинга товара ID: 1981575
2026-04-28 11:01:54,610 - WARNING - Слишком много запросов. Ожидание 2 сек перед повторной попыткой... (попытка 1/2)
2026-04-28 11:01:56,612 - INFO - Отправка запроса к https://www.citilink.ru/graphql/, для получения данных об рейтинга товара ID: 1981575
2026-04-28 11:01:57,978 - WARNING - Слишком много запросов. Ожидание 4 сек перед повторной попыткой... (попытка 2/2)
2026-04-28 11:02:01,986 - WARNING - Не удалось получить рейтинг для продукта 1981575: Не удалось выполнить запрос после 2 попыток
2026-04-28 11:02:01,996 - INFO - Продукт 1981575 успешно обработан
2026-04-28 11:02:02,998 - INFO - Обработка продукта ID: 2095275
2026-04-28 11:02:04,327 - INFO - Отправка запроса к https://www.citilink.ru/graphql/, для получения данных об характеристик товара ID: 2095275
2026-04-28 11:02:05,963 - INFO - Запрос успешно выполнен
2026-04-28 11:02:05,967 - INFO - Отправка запроса к https://www.citilink.ru/graphql/, для получения данных об документов товара ID: 2095275
2026-04-28 11:02:07,318 - INFO - Запрос успешно выполнен
2026-04-28 11:02:07,321 - INFO - Отправка запроса к https://www.citilink.ru/graphql/, для получения данных об рейтинга товара ID: 2095275
2026-04-28 11:02:08,626 - INFO - Запрос успешно выполнен
2026-04-28 11:02:08,637 - INFO - Продукт 2095275 успешно обработан
2026-04-28 11:02:09,638 - INFO - Обработка продукта ID: 2076572
2026-04-28 11:02:11,185 - INFO - Отправка запроса к https://www.citilink.ru/graphql/, для получения данных об характеристик товара ID: 2076572
2026-04-28 11:02:12,425 - INFO - Запрос успешно выполнен
2026-04-28 11:02:12,428 - INFO - Отправка запроса к https://www.citilink.ru/graphql/, для получения данных об документов товара ID: 2076572
2026-04-28 11:02:13,748 - INFO - Запрос успешно выполнен
2026-04-28 11:02:13,752 - INFO - Отправка запроса к https://www.citilink.ru/graphql/, для получения данных об рейтинга товара ID: 2076572
2026-04-28 11:02:14,878 - WARNING - Слишком много запросов. Ожидание 2 сек перед повторной попыткой... (попытка 1/2)
2026-04-28 11:02:16,880 - INFO - Отправка запроса к https://www.citilink.ru/graphql/, для получения данных об рейтинга товара ID: 2076572
2026-04-28 11:02:18,151 - INFO - Запрос успешно выполнен
2026-04-28 11:02:18,159 - INFO - Продукт 2076572 успешно обработан
2026-04-28 11:02:19,162 - INFO - Обработка продукта ID: 1405124
2026-04-28 11:02:20,832 - INFO - Отправка запроса к https://www.citilink.ru/graphql/, для получения данных об характеристик товара ID: 1405124
2026-04-28 11:02:22,042 - INFO - Запрос успешно выполнен
2026-04-28 11:02:22,047 - INFO - Отправка запроса к https://www.citilink.ru/graphql/, для получения данных об документов товара ID: 1405124
2026-04-28 11:02:23,370 - WARNING - Слишком много запросов. Ожидание 2 сек перед повторной попыткой... (попытка 1/2)
2026-04-28 11:02:25,371 - INFO - Отправка запроса к https://www.citilink.ru/graphql/, для получения данных об документов товара ID: 1405124
2026-04-28 11:02:26,548 - INFO - Запрос успешно выполнен
2026-04-28 11:02:26,554 - INFO - Отправка запроса к https://www.citilink.ru/graphql/, для получения данных об рейтинга товара ID: 1405124
2026-04-28 11:02:27,977 - INFO - Запрос успешно выполнен
2026-04-28 11:02:27,986 - INFO - Продукт 1405124 успешно обработан
2026-04-28 11:02:28,990 - INFO - Обработка продукта ID: 2066411
2026-04-28 11:02:30,625 - INFO - Отправка запроса к https://www.citilink.ru/graphql/, для получения данных об характеристик товара ID: 2066411
2026-04-28 11:02:31,751 - WARNING - Слишком много запросов. Ожидание 2 сек перед повторной попыткой... (попытка 1/2)
2026-04-28 11:02:33,753 - INFO - Отправка запроса к https://www.citilink.ru/graphql/, для получения данных об характеристик товара ID: 2066411
2026-04-28 11:02:35,047 - INFO - Запрос успешно выполнен
2026-04-28 11:02:35,055 - INFO - Отправка запроса к https://www.citilink.ru/graphql/, для получения данных об документов товара ID: 2066411
2026-04-28 11:02:36,386 - INFO - Запрос успешно выполнен
2026-04-28 11:02:36,400 - INFO - Отправка запроса к https://www.citilink.ru/graphql/, для получения данных об рейтинга товара ID: 2066411
2026-04-28 11:02:38,009 - INFO - Запрос успешно выполнен
2026-04-28 11:02:38,019 - INFO - Продукт 2066411 успешно обработан
2026-04-28 11:02:39,020 - INFO - Обработка продукта ID: 1971050
2026-04-28 11:02:40,931 - INFO - Отправка запроса к https://www.citilink.ru/graphql/, для получения данных об характеристик товара ID: 1971050
2026-04-28 11:02:42,128 - WARNING - Слишком много запросов. Ожидание 2 сек перед повторной попыткой... (попытка 1/2)
2026-04-28 11:02:44,130 - INFO - Отправка запроса к https://www.citilink.ru/graphql/, для получения данных об характеристик товара ID: 1971050
2026-04-28 11:02:45,505 - INFO - Запрос успешно выполнен
2026-04-28 11:02:45,507 - INFO - Отправка запроса к https://www.citilink.ru/graphql/, для получения данных об документов товара ID: 1971050
2026-04-28 11:02:46,708 - WARNING - Слишком много запросов. Ожидание 2 сек перед повторной попыткой... (попытка 1/2)
2026-04-28 11:02:48,721 - INFO - Отправка запроса к https://www.citilink.ru/graphql/, для получения данных об документов товара ID: 1971050
2026-04-28 11:02:50,111 - INFO - Запрос успешно выполнен
2026-04-28 11:02:50,117 - INFO - Отправка запроса к https://www.citilink.ru/graphql/, для получения данных об рейтинга товара ID: 1971050
2026-04-28 11:02:51,328 - WARNING - Слишком много запросов. Ожидание 2 сек перед повторной попыткой... (попытка 1/2)
2026-04-28 11:02:53,332 - INFO - Отправка запроса к https://www.citilink.ru/graphql/, для получения данных об рейтинга товара ID: 1971050
2026-04-28 11:02:54,641 - INFO - Запрос успешно выполнен
2026-04-28 11:02:54,649 - INFO - Продукт 1971050 успешно обработан
2026-04-28 11:02:55,653 - INFO - Обработка продукта ID: 1907523
2026-04-28 11:02:56,968 - INFO - Отправка запроса к https://www.citilink.ru/graphql/, для получения данных об характеристик товара ID: 1907523
2026-04-28 11:02:58,086 - WARNING - Слишком много запросов. Ожидание 2 сек перед повторной попыткой... (попытка 1/2)
2026-04-28 11:03:00,089 - INFO - Отправка запроса к https://www.citilink.ru/graphql/, для получения данных об характеристик товара ID: 1907523
2026-04-28 11:03:01,670 - INFO - Запрос успешно выполнен
2026-04-28 11:03:01,670 - INFO - Отправка запроса к https://www.citilink.ru/graphql/, для получения данных об документов товара ID: 1907523
2026-04-28 11:03:02,995 - WARNING - Слишком много запросов. Ожидание 2 сек перед повторной попыткой... (попытка 1/2)
2026-04-28 11:03:04,998 - INFO - Отправка запроса к https://www.citilink.ru/graphql/, для получения данных об документов товара ID: 1907523
2026-04-28 11:03:06,186 - INFO - Запрос успешно выполнен
2026-04-28 11:03:06,189 - INFO - Отправка запроса к https://www.citilink.ru/graphql/, для получения данных об рейтинга товара ID: 1907523
2026-04-28 11:03:07,709 - WARNING - Слишком много запросов. Ожидание 2 сек перед повторной попыткой... (попытка 1/2)
2026-04-28 11:03:09,712 - INFO - Отправка запроса к https://www.citilink.ru/graphql/, для получения данных об рейтинга товара ID: 1907523
2026-04-28 11:03:10,775 - WARNING - Слишком много запросов. Ожидание 4 сек перед повторной попыткой... (попытка 2/2)
2026-04-28 11:03:14,792 - WARNING - Не удалось получить рейтинг для продукта 1907523: Не удалось выполнить запрос после 2 попыток
2026-04-28 11:03:14,805 - INFO - Продукт 1907523 успешно обработан
2026-04-28 11:03:15,807 - INFO - Обработка продукта ID: 1474377
2026-04-28 11:03:17,131 - INFO - Отправка запроса к https://www.citilink.ru/graphql/, для получения данных об характеристик товара ID: 1474377
2026-04-28 11:03:18,370 - WARNING - Слишком много запросов. Ожидание 2 сек перед повторной попыткой... (попытка 1/2)
2026-04-28 11:03:20,373 - INFO - Отправка запроса к https://www.citilink.ru/graphql/, для получения данных об характеристик товара ID: 1474377
2026-04-28 11:03:21,744 - WARNING - Слишком много запросов. Ожидание 4 сек перед повторной попыткой... (попытка 2/2)
2026-04-28 11:03:25,749 - WARNING - Не удалось получить характеристики для продукта 1474377: Не удалось выполнить запрос после 2 попыток
2026-04-28 11:03:25,749 - INFO - Отправка запроса к https://www.citilink.ru/graphql/, для получения данных об документов товара ID: 1474377
2026-04-28 11:03:26,857 - WARNING - Слишком много запросов. Ожидание 2 сек перед повторной попыткой... (попытка 1/2)
2026-04-28 11:03:28,860 - INFO - Отправка запроса к https://www.citilink.ru/graphql/, для получения данных об документов товара ID: 1474377
2026-04-28 11:03:30,037 - INFO - Запрос успешно выполнен
2026-04-28 11:03:30,040 - INFO - Отправка запроса к https://www.citilink.ru/graphql/, для получения данных об рейтинга товара ID: 1474377
2026-04-28 11:03:31,259 - WARNING - Слишком много запросов. Ожидание 2 сек перед повторной попыткой... (попытка 1/2)
2026-04-28 11:03:33,267 - INFO - Отправка запроса к https://www.citilink.ru/graphql/, для получения данных об рейтинга товара ID: 1474377
2026-04-28 11:03:34,613 - WARNING - Слишком много запросов. Ожидание 4 сек перед повторной попыткой... (попытка 2/2)
2026-04-28 11:03:38,618 - WARNING - Не удалось получить рейтинг для продукта 1474377: Не удалось выполнить запрос после 2 попыток
2026-04-28 11:03:38,625 - INFO - Продукт 1474377 успешно обработан
2026-04-28 11:03:39,627 - INFO - Обработка продукта ID: 1993029
2026-04-28 11:03:40,891 - INFO - Отправка запроса к https://www.citilink.ru/graphql/, для получения данных об характеристик товара ID: 1993029
2026-04-28 11:03:42,019 - WARNING - Слишком много запросов. Ожидание 2 сек перед повторной попыткой... (попытка 1/2)
2026-04-28 11:03:44,023 - INFO - Отправка запроса к https://www.citilink.ru/graphql/, для получения данных об характеристик товара ID: 1993029
2026-04-28 11:03:45,408 - WARNING - Слишком много запросов. Ожидание 4 сек перед повторной попыткой... (попытка 2/2)
2026-04-28 11:03:49,413 - WARNING - Не удалось получить характеристики для продукта 1993029: Не удалось выполнить запрос после 2 попыток
2026-04-28 11:03:49,418 - INFO - Отправка запроса к https://www.citilink.ru/graphql/, для получения данных об документов товара ID: 1993029
2026-04-28 11:03:50,621 - WARNING - Слишком много запросов. Ожидание 2 сек перед повторной попыткой... (попытка 1/2)
2026-04-28 11:03:52,623 - INFO - Отправка запроса к https://www.citilink.ru/graphql/, для получения данных об документов товара ID: 1993029
2026-04-28 11:03:53,892 - WARNING - Слишком много запросов. Ожидание 4 сек перед повторной попыткой... (попытка 2/2)
2026-04-28 11:03:57,897 - WARNING - Не удалось получить документы для продукта 1993029: Не удалось выполнить запрос после 2 попыток
2026-04-28 11:03:57,902 - INFO - Отправка запроса к https://www.citilink.ru/graphql/, для получения данных об рейтинга товара ID: 1993029
2026-04-28 11:03:59,115 - WARNING - Слишком много запросов. Ожидание 2 сек перед повторной попыткой... (попытка 1/2)
2026-04-28 11:04:01,118 - INFO - Отправка запроса к https://www.citilink.ru/graphql/, для получения данных об рейтинга товара ID: 1993029
2026-04-28 11:04:02,605 - WARNING - Слишком много запросов. Ожидание 4 сек перед повторной попыткой... (попытка 2/2)
2026-04-28 11:04:06,611 - WARNING - Не удалось получить рейтинг для продукта 1993029: Не удалось выполнить запрос после 2 попыток
2026-04-28 11:04:06,611 - INFO - Продукт 1993029 успешно обработан
2026-04-28 11:04:07,621 - INFO - Обработка продукта ID: 1468600
2026-04-28 11:04:08,632 - INFO - Отправка запроса к https://www.citilink.ru/graphql/, для получения данных об характеристик товара ID: 1468600
2026-04-28 11:04:09,632 - WARNING - Слишком много запросов. Ожидание 2 сек перед повторной попыткой... (попытка 1/2)
2026-04-28 11:04:11,636 - INFO - Отправка запроса к https://www.citilink.ru/graphql/, для получения данных об характеристик товара ID: 1468600
2026-04-28 11:04:12,688 - WARNING - Слишком много запросов. Ожидание 4 сек перед повторной попыткой... (попытка 2/2)
2026-04-28 11:04:16,692 - WARNING - Не удалось получить характеристики для продукта 1468600: Не удалось выполнить запрос после 2 попыток
2026-04-28 11:04:16,692 - INFO - Отправка запроса к https://www.citilink.ru/graphql/, для получения данных об документов товара ID: 1468600
2026-04-28 11:04:19,083 - WARNING - Слишком много запросов. Ожидание 2 сек перед повторной попыткой... (попытка 1/2)
2026-04-28 11:04:21,085 - INFO - Отправка запроса к https://www.citilink.ru/graphql/, для получения данных об документов товара ID: 1468600
2026-04-28 11:04:22,466 - WARNING - Слишком много запросов. Ожидание 4 сек перед повторной попыткой... (попытка 2/2)
2026-04-28 11:04:26,469 - WARNING - Не удалось получить документы для продукта 1468600: Не удалось выполнить запрос после 2 попыток
2026-04-28 11:04:26,473 - INFO - Отправка запроса к https://www.citilink.ru/graphql/, для получения данных об рейтинга товара ID: 1468600
2026-04-28 11:04:27,893 - WARNING - Слишком много запросов. Ожидание 2 сек перед повторной попыткой... (попытка 1/2)
2026-04-28 11:04:29,894 - INFO - Отправка запроса к https://www.citilink.ru/graphql/, для получения данных об рейтинга товара ID: 1468600
2026-04-28 11:04:31,379 - WARNING - Слишком много запросов. Ожидание 4 сек перед повторной попыткой... (попытка 2/2)
2026-04-28 11:04:35,382 - WARNING - Не удалось получить рейтинг для продукта 1468600: Не удалось выполнить запрос после 2 попыток
2026-04-28 11:04:35,392 - INFO - Продукт 1468600 успешно обработан
2026-04-28 11:04:36,394 - INFO - Обработка продукта ID: 1957318
2026-04-28 11:04:37,721 - INFO - Отправка запроса к https://www.citilink.ru/graphql/, для получения данных об характеристик товара ID: 1957318
2026-04-28 11:04:38,948 - WARNING - Слишком много запросов. Ожидание 2 сек перед повторной попыткой... (попытка 1/2)
2026-04-28 11:04:40,951 - INFO - Отправка запроса к https://www.citilink.ru/graphql/, для получения данных об характеристик товара ID: 1957318
2026-04-28 11:04:42,235 - WARNING - Слишком много запросов. Ожидание 4 сек перед повторной попыткой... (попытка 2/2)
2026-04-28 11:04:46,240 - WARNING - Не удалось получить характеристики для продукта 1957318: Не удалось выполнить запрос после 2 попыток
2026-04-28 11:04:46,242 - INFO - Отправка запроса к https://www.citilink.ru/graphql/, для получения данных об документов товара ID: 1957318
2026-04-28 11:04:47,652 - WARNING - Слишком много запросов. Ожидание 2 сек перед повторной попыткой... (попытка 1/2)
2026-04-28 11:04:49,656 - INFO - Отправка запроса к https://www.citilink.ru/graphql/, для получения данных об документов товара ID: 1957318
2026-04-28 11:04:50,762 - WARNING - Слишком много запросов. Ожидание 4 сек перед повторной попыткой... (попытка 2/2)
2026-04-28 11:04:54,766 - WARNING - Не удалось получить документы для продукта 1957318: Не удалось выполнить запрос после 2 попыток
2026-04-28 11:04:54,771 - INFO - Отправка запроса к https://www.citilink.ru/graphql/, для получения данных об рейтинга товара ID: 1957318
2026-04-28 11:04:55,972 - WARNING - Слишком много запросов. Ожидание 2 сек перед повторной попыткой... (попытка 1/2)
2026-04-28 11:04:57,975 - INFO - Отправка запроса к https://www.citilink.ru/graphql/, для получения данных об рейтинга товара ID: 1957318
2026-04-28 11:04:59,000 - WARNING - Слишком много запросов. Ожидание 4 сек перед повторной попыткой... (попытка 2/2)
2026-04-28 11:05:03,004 - WARNING - Не удалось получить рейтинг для продукта 1957318: Не удалось выполнить запрос после 2 попыток
2026-04-28 11:05:03,012 - INFO - Продукт 1957318 успешно обработан
2026-04-28 11:05:04,014 - INFO - Обработка продукта ID: 2089336
2026-04-28 11:05:05,266 - INFO - Отправка запроса к https://www.citilink.ru/graphql/, для получения данных об характеристик товара ID: 2089336
2026-04-28 11:05:06,498 - WARNING - Слишком много запросов. Ожидание 2 сек перед повторной попыткой... (попытка 1/2)
2026-04-28 11:05:08,501 - INFO - Отправка запроса к https://www.citilink.ru/graphql/, для получения данных об характеристик товара ID: 2089336
2026-04-28 11:05:09,746 - WARNING - Слишком много запросов. Ожидание 4 сек перед повторной попыткой... (попытка 2/2)
2026-04-28 11:05:13,752 - WARNING - Не удалось получить характеристики для продукта 2089336: Не удалось выполнить запрос после 2 попыток
2026-04-28 11:05:13,755 - INFO - Отправка запроса к https://www.citilink.ru/graphql/, для получения данных об документов товара ID: 2089336
2026-04-28 11:05:14,837 - WARNING - Слишком много запросов. Ожидание 2 сек перед повторной попыткой... (попытка 1/2)
2026-04-28 11:05:16,839 - INFO - Отправка запроса к https://www.citilink.ru/graphql/, для получения данных об документов товара ID: 2089336
2026-04-28 11:05:18,071 - WARNING - Слишком много запросов. Ожидание 4 сек перед повторной попыткой... (попытка 2/2)
2026-04-28 11:05:22,077 - WARNING - Не удалось получить документы для продукта 2089336: Не удалось выполнить запрос после 2 попыток
2026-04-28 11:05:22,081 - INFO - Отправка запроса к https://www.citilink.ru/graphql/, для получения данных об рейтинга товара ID: 2089336
2026-04-28 11:05:23,705 - WARNING - Слишком много запросов. Ожидание 2 сек перед повторной попыткой... (попытка 1/2)
2026-04-28 11:05:25,707 - INFO - Отправка запроса к https://www.citilink.ru/graphql/, для получения данных об рейтинга товара ID: 2089336
2026-04-28 11:05:27,597 - WARNING - Слишком много запросов. Ожидание 4 сек перед повторной попыткой... (попытка 2/2)
2026-04-28 11:05:31,602 - WARNING - Не удалось получить рейтинг для продукта 2089336: Не удалось выполнить запрос после 2 попыток
2026-04-28 11:05:31,611 - INFO - Продукт 2089336 успешно обработан
2026-04-28 11:05:32,612 - INFO - Обработка продукта ID: 1993010
2026-04-28 11:05:34,555 - INFO - Отправка запроса к https://www.citilink.ru/graphql/, для получения данных об характеристик товара ID: 1993010
2026-04-28 11:05:36,296 - WARNING - Слишком много запросов. Ожидание 2 сек перед повторной попыткой... (попытка 1/2)
2026-04-28 11:05:38,298 - INFO - Отправка запроса к https://www.citilink.ru/graphql/, для получения данных об характеристик товара ID: 1993010
2026-04-28 11:05:39,679 - WARNING - Слишком много запросов. Ожидание 4 сек перед повторной попыткой... (попытка 2/2)
2026-04-28 11:05:43,685 - WARNING - Не удалось получить характеристики для продукта 1993010: Не удалось выполнить запрос после 2 попыток
2026-04-28 11:05:43,690 - INFO - Отправка запроса к https://www.citilink.ru/graphql/, для получения данных об документов товара ID: 1993010
2026-04-28 11:05:45,423 - WARNING - Слишком много запросов. Ожидание 2 сек перед повторной попыткой... (попытка 1/2)
2026-04-28 11:05:47,430 - INFO - Отправка запроса к https://www.citilink.ru/graphql/, для получения данных об документов товара ID: 1993010
2026-04-28 11:05:48,800 - WARNING - Слишком много запросов. Ожидание 4 сек перед повторной попыткой... (попытка 2/2)
2026-04-28 11:05:52,804 - WARNING - Не удалось получить документы для продукта 1993010: Не удалось выполнить запрос после 2 попыток
2026-04-28 11:05:52,804 - INFO - Отправка запроса к https://www.citilink.ru/graphql/, для получения данных об рейтинга товара ID: 1993010
2026-04-28 11:05:54,068 - WARNING - Слишком много запросов. Ожидание 2 сек перед повторной попыткой... (попытка 1/2)
2026-04-28 11:05:56,069 - INFO - Отправка запроса к https://www.citilink.ru/graphql/, для получения данных об рейтинга товара ID: 1993010
2026-04-28 11:05:57,377 - WARNING - Слишком много запросов. Ожидание 4 сек перед повторной попыткой... (попытка 2/2)
2026-04-28 11:06:01,401 - WARNING - Не удалось получить рейтинг для продукта 1993010: Не удалось выполнить запрос после 2 попыток
2026-04-28 11:06:01,403 - INFO - Продукт 1993010 успешно обработан
2026-04-28 11:06:02,411 - INFO - Обработка продукта ID: 1971056
2026-04-28 11:06:03,408 - INFO - Отправка запроса к https://www.citilink.ru/graphql/, для получения данных об характеристик товара ID: 1971056
2026-04-28 11:06:04,555 - WARNING - Слишком много запросов. Ожидание 2 сек перед повторной попыткой... (попытка 1/2)
2026-04-28 11:06:06,559 - INFO - Отправка запроса к https://www.citilink.ru/graphql/, для получения данных об характеристик товара ID: 1971056
2026-04-28 11:06:07,748 - WARNING - Слишком много запросов. Ожидание 4 сек перед повторной попыткой... (попытка 2/2)
2026-04-28 11:06:11,755 - WARNING - Не удалось получить характеристики для продукта 1971056: Не удалось выполнить запрос после 2 попыток
2026-04-28 11:06:11,760 - INFO - Отправка запроса к https://www.citilink.ru/graphql/, для получения данных об документов товара ID: 1971056
2026-04-28 11:06:13,169 - WARNING - Слишком много запросов. Ожидание 2 сек перед повторной попыткой... (попытка 1/2)
2026-04-28 11:06:15,173 - INFO - Отправка запроса к https://www.citilink.ru/graphql/, для получения данных об документов товара ID: 1971056
2026-04-28 11:06:16,540 - WARNING - Слишком много запросов. Ожидание 4 сек перед повторной попыткой... (попытка 2/2)
2026-04-28 11:06:20,547 - WARNING - Не удалось получить документы для продукта 1971056: Не удалось выполнить запрос после 2 попыток
2026-04-28 11:06:20,547 - INFO - Отправка запроса к https://www.citilink.ru/graphql/, для получения данных об рейтинга товара ID: 1971056
2026-04-28 11:06:21,869 - WARNING - Слишком много запросов. Ожидание 2 сек перед повторной попыткой... (попытка 1/2)
2026-04-28 11:06:23,873 - INFO - Отправка запроса к https://www.citilink.ru/graphql/, для получения данных об рейтинга товара ID: 1971056
2026-04-28 11:06:25,040 - WARNING - Слишком много запросов. Ожидание 4 сек перед повторной попыткой... (попытка 2/2)
2026-04-28 11:06:29,044 - WARNING - Не удалось получить рейтинг для продукта 1971056: Не удалось выполнить запрос после 2 попыток
2026-04-28 11:06:29,054 - INFO - Продукт 1971056 успешно обработан
2026-04-28 11:06:30,057 - INFO - Обработка продукта ID: 2053535
2026-04-28 11:06:31,895 - INFO - Отправка запроса к https://www.citilink.ru/graphql/, для получения данных об характеристик товара ID: 2053535
2026-04-28 11:06:33,946 - WARNING - Слишком много запросов. Ожидание 2 сек перед повторной попыткой... (попытка 1/2)
2026-04-28 11:06:35,948 - INFO - Отправка запроса к https://www.citilink.ru/graphql/, для получения данных об характеристик товара ID: 2053535
2026-04-28 11:06:37,226 - WARNING - Слишком много запросов. Ожидание 4 сек перед повторной попыткой... (попытка 2/2)
2026-04-28 11:06:41,230 - WARNING - Не удалось получить характеристики для продукта 2053535: Не удалось выполнить запрос после 2 попыток
2026-04-28 11:06:41,232 - INFO - Отправка запроса к https://www.citilink.ru/graphql/, для получения данных об документов товара ID: 2053535
2026-04-28 11:06:42,658 - WARNING - Слишком много запросов. Ожидание 2 сек перед повторной попыткой... (попытка 1/2)
2026-04-28 11:06:44,662 - INFO - Отправка запроса к https://www.citilink.ru/graphql/, для получения данных об документов товара ID: 2053535
2026-04-28 11:06:45,722 - WARNING - Слишком много запросов. Ожидание 4 сек перед повторной попыткой... (попытка 2/2)
2026-04-28 11:06:49,725 - WARNING - Не удалось получить документы для продукта 2053535: Не удалось выполнить запрос после 2 попыток
2026-04-28 11:06:49,728 - INFO - Отправка запроса к https://www.citilink.ru/graphql/, для получения данных об рейтинга товара ID: 2053535
2026-04-28 11:06:51,046 - WARNING - Слишком много запросов. Ожидание 2 сек перед повторной попыткой... (попытка 1/2)
2026-04-28 11:06:53,048 - INFO - Отправка запроса к https://www.citilink.ru/graphql/, для получения данных об рейтинга товара ID: 2053535
2026-04-28 11:06:54,320 - WARNING - Слишком много запросов. Ожидание 4 сек перед повторной попыткой... (попытка 2/2)
2026-04-28 11:06:58,329 - WARNING - Не удалось получить рейтинг для продукта 2053535: Не удалось выполнить запрос после 2 попыток
2026-04-28 11:06:58,337 - INFO - Продукт 2053535 успешно обработан
2026-04-28 11:06:59,340 - INFO - Обработка продукта ID: 1451184
2026-04-28 11:07:00,780 - INFO - Отправка запроса к https://www.citilink.ru/graphql/, для получения данных об характеристик товара ID: 1451184
2026-04-28 11:07:02,175 - WARNING - Слишком много запросов. Ожидание 2 сек перед повторной попыткой... (попытка 1/2)
2026-04-28 11:07:04,177 - INFO - Отправка запроса к https://www.citilink.ru/graphql/, для получения данных об характеристик товара ID: 1451184
2026-04-28 11:07:05,491 - WARNING - Слишком много запросов. Ожидание 4 сек перед повторной попыткой... (попытка 2/2)
2026-04-28 11:07:09,495 - WARNING - Не удалось получить характеристики для продукта 1451184: Не удалось выполнить запрос после 2 попыток
2026-04-28 11:07:09,500 - INFO - Отправка запроса к https://www.citilink.ru/graphql/, для получения данных об документов товара ID: 1451184
2026-04-28 11:07:10,881 - WARNING - Слишком много запросов. Ожидание 2 сек перед повторной попыткой... (попытка 1/2)
2026-04-28 11:07:12,884 - INFO - Отправка запроса к https://www.citilink.ru/graphql/, для получения данных об документов товара ID: 1451184
2026-04-28 11:07:14,204 - WARNING - Слишком много запросов. Ожидание 4 сек перед повторной попыткой... (попытка 2/2)
2026-04-28 11:07:18,208 - WARNING - Не удалось получить документы для продукта 1451184: Не удалось выполнить запрос после 2 попыток
2026-04-28 11:07:18,208 - INFO - Отправка запроса к https://www.citilink.ru/graphql/, для получения данных об рейтинга товара ID: 1451184
2026-04-28 11:07:19,838 - WARNING - Слишком много запросов. Ожидание 2 сек перед повторной попыткой... (попытка 1/2)
2026-04-28 11:07:21,841 - INFO - Отправка запроса к https://www.citilink.ru/graphql/, для получения данных об рейтинга товара ID: 1451184
2026-04-28 11:07:23,309 - WARNING - Слишком много запросов. Ожидание 4 сек перед повторной попыткой... (попытка 2/2)
2026-04-28 11:07:27,313 - WARNING - Не удалось получить рейтинг для продукта 1451184: Не удалось выполнить запрос после 2 попыток
2026-04-28 11:07:27,324 - INFO - Продукт 1451184 успешно обработан
2026-04-28 11:07:28,326 - INFO - Обработка продукта ID: 1970542
2026-04-28 11:07:29,862 - INFO - Отправка запроса к https://www.citilink.ru/graphql/, для получения данных об характеристик товара ID: 1970542
2026-04-28 11:07:31,394 - WARNING - Слишком много запросов. Ожидание 2 сек перед повторной попыткой... (попытка 1/2)
2026-04-28 11:07:33,395 - INFO - Отправка запроса к https://www.citilink.ru/graphql/, для получения данных об характеристик товара ID: 1970542
2026-04-28 11:07:34,684 - WARNING - Слишком много запросов. Ожидание 4 сек перед повторной попыткой... (попытка 2/2)
2026-04-28 11:07:38,692 - WARNING - Не удалось получить характеристики для продукта 1970542: Не удалось выполнить запрос после 2 попыток
2026-04-28 11:07:38,698 - INFO - Отправка запроса к https://www.citilink.ru/graphql/, для получения данных об документов товара ID: 1970542
2026-04-28 11:07:40,097 - WARNING - Слишком много запросов. Ожидание 2 сек перед повторной попыткой... (попытка 1/2)
2026-04-28 11:07:42,100 - INFO - Отправка запроса к https://www.citilink.ru/graphql/, для получения данных об документов товара ID: 1970542
2026-04-28 11:07:43,378 - WARNING - Слишком много запросов. Ожидание 4 сек перед повторной попыткой... (попытка 2/2)
2026-04-28 11:07:47,381 - WARNING - Не удалось получить документы для продукта 1970542: Не удалось выполнить запрос после 2 попыток
2026-04-28 11:07:47,385 - INFO - Отправка запроса к https://www.citilink.ru/graphql/, для получения данных об рейтинга товара ID: 1970542
2026-04-28 11:07:48,807 - WARNING - Слишком много запросов. Ожидание 2 сек перед повторной попыткой... (попытка 1/2)
2026-04-28 11:07:50,810 - INFO - Отправка запроса к https://www.citilink.ru/graphql/, для получения данных об рейтинга товара ID: 1970542
2026-04-28 11:07:52,191 - WARNING - Слишком много запросов. Ожидание 4 сек перед повторной попыткой... (попытка 2/2)
2026-04-28 11:07:56,195 - WARNING - Не удалось получить рейтинг для продукта 1970542: Не удалось выполнить запрос после 2 попыток
2026-04-28 11:07:56,202 - INFO - Продукт 1970542 успешно обработан
2026-04-28 11:07:57,203 - INFO - Обработка продукта ID: 2020077
2026-04-28 11:07:58,777 - INFO - Отправка запроса к https://www.citilink.ru/graphql/, для получения данных об характеристик товара ID: 2020077
2026-04-28 11:08:00,028 - WARNING - Слишком много запросов. Ожидание 2 сек перед повторной попыткой... (попытка 1/2)
2026-04-28 11:08:02,030 - INFO - Отправка запроса к https://www.citilink.ru/graphql/, для получения данных об характеристик товара ID: 2020077
2026-04-28 11:08:03,141 - WARNING - Слишком много запросов. Ожидание 4 сек перед повторной попыткой... (попытка 2/2)
2026-04-28 11:08:07,144 - WARNING - Не удалось получить характеристики для продукта 2020077: Не удалось выполнить запрос после 2 попыток
2026-04-28 11:08:07,148 - INFO - Отправка запроса к https://www.citilink.ru/graphql/, для получения данных об документов товара ID: 2020077
2026-04-28 11:08:08,461 - WARNING - Слишком много запросов. Ожидание 2 сек перед повторной попыткой... (попытка 1/2)
2026-04-28 11:08:10,464 - INFO - Отправка запроса к https://www.citilink.ru/graphql/, для получения данных об документов товара ID: 2020077
2026-04-28 11:08:12,060 - WARNING - Слишком много запросов. Ожидание 4 сек перед повторной попыткой... (попытка 2/2)
2026-04-28 11:08:16,070 - WARNING - Не удалось получить документы для продукта 2020077: Не удалось выполнить запрос после 2 попыток
2026-04-28 11:08:16,070 - INFO - Отправка запроса к https://www.citilink.ru/graphql/, для получения данных об рейтинга товара ID: 2020077
2026-04-28 11:08:17,380 - WARNING - Слишком много запросов. Ожидание 2 сек перед повторной попыткой... (попытка 1/2)
2026-04-28 11:08:19,382 - INFO - Отправка запроса к https://www.citilink.ru/graphql/, для получения данных об рейтинга товара ID: 2020077
2026-04-28 11:08:20,651 - WARNING - Слишком много запросов. Ожидание 4 сек перед повторной попыткой... (попытка 2/2)
2026-04-28 11:08:24,655 - WARNING - Не удалось получить рейтинг для продукта 2020077: Не удалось выполнить запрос после 2 попыток
2026-04-28 11:08:24,662 - INFO - Продукт 2020077 успешно обработан
2026-04-28 11:08:25,665 - INFO - Обработка продукта ID: 2072699
2026-04-28 11:08:26,902 - INFO - Отправка запроса к https://www.citilink.ru/graphql/, для получения данных об характеристик товара ID: 2072699
2026-04-28 11:08:28,442 - WARNING - Слишком много запросов. Ожидание 2 сек перед повторной попыткой... (попытка 1/2)
2026-04-28 11:08:30,446 - INFO - Отправка запроса к https://www.citilink.ru/graphql/, для получения данных об характеристик товара ID: 2072699
2026-04-28 11:08:31,711 - WARNING - Слишком много запросов. Ожидание 4 сек перед повторной попыткой... (попытка 2/2)
2026-04-28 11:08:35,716 - WARNING - Не удалось получить характеристики для продукта 2072699: Не удалось выполнить запрос после 2 попыток
2026-04-28 11:08:35,720 - INFO - Отправка запроса к https://www.citilink.ru/graphql/, для получения данных об документов товара ID: 2072699
2026-04-28 11:08:38,976 - WARNING - Слишком много запросов. Ожидание 2 сек перед повторной попыткой... (попытка 1/2)
2026-04-28 11:08:40,979 - INFO - Отправка запроса к https://www.citilink.ru/graphql/, для получения данных об документов товара ID: 2072699
2026-04-28 11:08:45,434 - WARNING - Слишком много запросов. Ожидание 4 сек перед повторной попыткой... (попытка 2/2)
2026-04-28 11:08:49,437 - WARNING - Не удалось получить документы для продукта 2072699: Не удалось выполнить запрос после 2 попыток
2026-04-28 11:08:49,441 - INFO - Отправка запроса к https://www.citilink.ru/graphql/, для получения данных об рейтинга товара ID: 2072699
2026-04-28 11:08:51,064 - WARNING - Слишком много запросов. Ожидание 2 сек перед повторной попыткой... (попытка 1/2)
2026-04-28 11:08:53,070 - INFO - Отправка запроса к https://www.citilink.ru/graphql/, для получения данных об рейтинга товара ID: 2072699
2026-04-28 11:08:54,696 - WARNING - Слишком много запросов. Ожидание 4 сек перед повторной попыткой... (попытка 2/2)
2026-04-28 11:08:58,701 - WARNING - Не удалось получить рейтинг для продукта 2072699: Не удалось выполнить запрос после 2 попыток
2026-04-28 11:08:58,719 - INFO - Продукт 2072699 успешно обработан
2026-04-28 11:08:59,722 - INFO - Обработка продукта ID: 2066408
2026-04-28 11:09:00,957 - INFO - Отправка запроса к https://www.citilink.ru/graphql/, для получения данных об характеристик товара ID: 2066408
2026-04-28 11:09:02,058 - WARNING - Слишком много запросов. Ожидание 2 сек перед повторной попыткой... (попытка 1/2)
2026-04-28 11:09:04,060 - INFO - Отправка запроса к https://www.citilink.ru/graphql/, для получения данных об характеристик товара ID: 2066408
2026-04-28 11:09:05,544 - WARNING - Слишком много запросов. Ожидание 4 сек перед повторной попыткой... (попытка 2/2)
2026-04-28 11:09:09,547 - WARNING - Не удалось получить характеристики для продукта 2066408: Не удалось выполнить запрос после 2 попыток
2026-04-28 11:09:09,549 - INFO - Отправка запроса к https://www.citilink.ru/graphql/, для получения данных об документов товара ID: 2066408
2026-04-28 11:09:10,924 - WARNING - Слишком много запросов. Ожидание 2 сек перед повторной попыткой... (попытка 1/2)
2026-04-28 11:09:12,926 - INFO - Отправка запроса к https://www.citilink.ru/graphql/, для получения данных об документов товара ID: 2066408
2026-04-28 11:09:14,041 - WARNING - Слишком много запросов. Ожидание 4 сек перед повторной попыткой... (попытка 2/2)
2026-04-28 11:09:18,047 - WARNING - Не удалось получить документы для продукта 2066408: Не удалось выполнить запрос после 2 попыток
2026-04-28 11:09:18,047 - INFO - Отправка запроса к https://www.citilink.ru/graphql/, для получения данных об рейтинга товара ID: 2066408
2026-04-28 11:09:19,631 - WARNING - Слишком много запросов. Ожидание 2 сек перед повторной попыткой... (попытка 1/2)
2026-04-28 11:09:21,634 - INFO - Отправка запроса к https://www.citilink.ru/graphql/, для получения данных об рейтинга товара ID: 2066408
2026-04-28 11:09:22,926 - WARNING - Слишком много запросов. Ожидание 4 сек перед повторной попыткой... (попытка 2/2)
2026-04-28 11:09:26,930 - WARNING - Не удалось получить рейтинг для продукта 2066408: Не удалось выполнить запрос после 2 попыток
2026-04-28 11:09:26,938 - INFO - Продукт 2066408 успешно обработан
2026-04-28 11:09:27,942 - INFO - Обработка продукта ID: 1837207
2026-04-28 11:09:29,068 - INFO - Отправка запроса к https://www.citilink.ru/graphql/, для получения данных об характеристик товара ID: 1837207
2026-04-28 11:09:30,157 - WARNING - Слишком много запросов. Ожидание 2 сек перед повторной попыткой... (попытка 1/2)
2026-04-28 11:09:32,159 - INFO - Отправка запроса к https://www.citilink.ru/graphql/, для получения данных об характеристик товара ID: 1837207
2026-04-28 11:09:33,465 - WARNING - Слишком много запросов. Ожидание 4 сек перед повторной попыткой... (попытка 2/2)
2026-04-28 11:09:37,469 - WARNING - Не удалось получить характеристики для продукта 1837207: Не удалось выполнить запрос после 2 попыток
2026-04-28 11:09:37,472 - INFO - Отправка запроса к https://www.citilink.ru/graphql/, для получения данных об документов товара ID: 1837207
2026-04-28 11:09:38,782 - WARNING - Слишком много запросов. Ожидание 2 сек перед повторной попыткой... (попытка 1/2)
2026-04-28 11:09:40,785 - INFO - Отправка запроса к https://www.citilink.ru/graphql/, для получения данных об документов товара ID: 1837207
2026-04-28 11:09:42,375 - WARNING - Слишком много запросов. Ожидание 4 сек перед повторной попыткой... (попытка 2/2)
2026-04-28 11:09:46,428 - WARNING - Не удалось получить документы для продукта 1837207: Не удалось выполнить запрос после 2 попыток
2026-04-28 11:09:46,434 - INFO - Отправка запроса к https://www.citilink.ru/graphql/, для получения данных об рейтинга товара ID: 1837207
2026-04-28 11:09:47,592 - WARNING - Слишком много запросов. Ожидание 2 сек перед повторной попыткой... (попытка 1/2)
2026-04-28 11:09:49,594 - INFO - Отправка запроса к https://www.citilink.ru/graphql/, для получения данных об рейтинга товара ID: 1837207
2026-04-28 11:09:50,768 - WARNING - Слишком много запросов. Ожидание 4 сек перед повторной попыткой... (попытка 2/2)
2026-04-28 11:09:54,771 - WARNING - Не удалось получить рейтинг для продукта 1837207: Не удалось выполнить запрос после 2 попыток
2026-04-28 11:09:54,778 - INFO - Продукт 1837207 успешно обработан
2026-04-28 11:09:55,785 - INFO - Обработка продукта ID: 2006560
2026-04-28 11:09:57,003 - INFO - Отправка запроса к https://www.citilink.ru/graphql/, для получения данных об характеристик товара ID: 2006560
2026-04-28 11:09:58,134 - WARNING - Слишком много запросов. Ожидание 2 сек перед повторной попыткой... (попытка 1/2)
2026-04-28 11:10:00,135 - INFO - Отправка запроса к https://www.citilink.ru/graphql/, для получения данных об характеристик товара ID: 2006560
2026-04-28 11:10:01,308 - WARNING - Слишком много запросов. Ожидание 4 сек перед повторной попыткой... (попытка 2/2)
2026-04-28 11:10:05,313 - WARNING - Не удалось получить характеристики для продукта 2006560: Не удалось выполнить запрос после 2 попыток
2026-04-28 11:10:05,316 - INFO - Отправка запроса к https://www.citilink.ru/graphql/, для получения данных об документов товара ID: 2006560
2026-04-28 11:10:06,840 - WARNING - Слишком много запросов. Ожидание 2 сек перед повторной попыткой... (попытка 1/2)
2026-04-28 11:10:08,842 - INFO - Отправка запроса к https://www.citilink.ru/graphql/, для получения данных об документов товара ID: 2006560
2026-04-28 11:10:10,219 - WARNING - Слишком много запросов. Ожидание 4 сек перед повторной попыткой... (попытка 2/2)
2026-04-28 11:10:14,222 - WARNING - Не удалось получить документы для продукта 2006560: Не удалось выполнить запрос после 2 попыток
2026-04-28 11:10:14,222 - INFO - Отправка запроса к https://www.citilink.ru/graphql/, для получения данных об рейтинга товара ID: 2006560
2026-04-28 11:10:15,277 - WARNING - Слишком много запросов. Ожидание 2 сек перед повторной попыткой... (попытка 1/2)
2026-04-28 11:10:17,284 - INFO - Отправка запроса к https://www.citilink.ru/graphql/, для получения данных об рейтинга товара ID: 2006560
2026-04-28 11:10:18,390 - WARNING - Слишком много запросов. Ожидание 4 сек перед повторной попыткой... (попытка 2/2)
2026-04-28 11:10:22,395 - WARNING - Не удалось получить рейтинг для продукта 2006560: Не удалось выполнить запрос после 2 попыток
2026-04-28 11:10:22,403 - INFO - Продукт 2006560 успешно обработан
2026-04-28 11:10:23,406 - INFO - Обработка продукта ID: 2082742
2026-04-28 11:10:24,984 - INFO - Отправка запроса к https://www.citilink.ru/graphql/, для получения данных об характеристик товара ID: 2082742
2026-04-28 11:10:26,196 - WARNING - Слишком много запросов. Ожидание 2 сек перед повторной попыткой... (попытка 1/2)
2026-04-28 11:10:28,198 - INFO - Отправка запроса к https://www.citilink.ru/graphql/, для получения данных об характеристик товара ID: 2082742
2026-04-28 11:10:29,321 - WARNING - Слишком много запросов. Ожидание 4 сек перед повторной попыткой... (попытка 2/2)
2026-04-28 11:10:33,325 - WARNING - Не удалось получить характеристики для продукта 2082742: Не удалось выполнить запрос после 2 попыток
2026-04-28 11:10:33,328 - INFO - Отправка запроса к https://www.citilink.ru/graphql/, для получения данных об документов товара ID: 2082742
2026-04-28 11:10:34,529 - WARNING - Слишком много запросов. Ожидание 2 сек перед повторной попыткой... (попытка 1/2)
2026-04-28 11:10:36,531 - INFO - Отправка запроса к https://www.citilink.ru/graphql/, для получения данных об документов товара ID: 2082742
2026-04-28 11:10:37,775 - WARNING - Слишком много запросов. Ожидание 4 сек перед повторной попыткой... (попытка 2/2)
2026-04-28 11:10:41,782 - WARNING - Не удалось получить документы для продукта 2082742: Не удалось выполнить запрос после 2 попыток
2026-04-28 11:10:41,785 - INFO - Отправка запроса к https://www.citilink.ru/graphql/, для получения данных об рейтинга товара ID: 2082742
2026-04-28 11:10:42,992 - WARNING - Слишком много запросов. Ожидание 2 сек перед повторной попыткой... (попытка 1/2)
2026-04-28 11:10:44,994 - INFO - Отправка запроса к https://www.citilink.ru/graphql/, для получения данных об рейтинга товара ID: 2082742
2026-04-28 11:10:46,277 - WARNING - Слишком много запросов. Ожидание 4 сек перед повторной попыткой... (попытка 2/2)
2026-04-28 11:10:50,288 - WARNING - Не удалось получить рейтинг для продукта 2082742: Не удалось выполнить запрос после 2 попыток
2026-04-28 11:10:50,300 - INFO - Продукт 2082742 успешно обработан
2026-04-28 11:10:51,303 - INFO - Обработка продукта ID: 1837210
2026-04-28 11:10:52,524 - INFO - Отправка запроса к https://www.citilink.ru/graphql/, для получения данных об характеристик товара ID: 1837210
2026-04-28 11:10:53,593 - WARNING - Слишком много запросов. Ожидание 2 сек перед повторной попыткой... (попытка 1/2)
2026-04-28 11:10:55,594 - INFO - Отправка запроса к https://www.citilink.ru/graphql/, для получения данных об характеристик товара ID: 1837210
2026-04-28 11:10:57,019 - WARNING - Слишком много запросов. Ожидание 4 сек перед повторной попыткой... (попытка 2/2)
2026-04-28 11:11:01,022 - WARNING - Не удалось получить характеристики для продукта 1837210: Не удалось выполнить запрос после 2 попыток
2026-04-28 11:11:01,022 - INFO - Отправка запроса к https://www.citilink.ru/graphql/, для получения данных об документов товара ID: 1837210
2026-04-28 11:11:02,368 - WARNING - Слишком много запросов. Ожидание 2 сек перед повторной попыткой... (попытка 1/2)
2026-04-28 11:11:04,371 - INFO - Отправка запроса к https://www.citilink.ru/graphql/, для получения данных об документов товара ID: 1837210
2026-04-28 11:11:07,171 - WARNING - Слишком много запросов. Ожидание 4 сек перед повторной попыткой... (попытка 2/2)
2026-04-28 11:11:11,174 - WARNING - Не удалось получить документы для продукта 1837210: Не удалось выполнить запрос после 2 попыток
2026-04-28 11:11:11,178 - INFO - Отправка запроса к https://www.citilink.ru/graphql/, для получения данных об рейтинга товара ID: 1837210
2026-04-28 11:11:12,273 - WARNING - Слишком много запросов. Ожидание 2 сек перед повторной попыткой... (попытка 1/2)
2026-04-28 11:11:14,276 - INFO - Отправка запроса к https://www.citilink.ru/graphql/, для получения данных об рейтинга товара ID: 1837210
2026-04-28 11:11:15,426 - WARNING - Слишком много запросов. Ожидание 4 сек перед повторной попыткой... (попытка 2/2)
2026-04-28 11:11:19,433 - WARNING - Не удалось получить рейтинг для продукта 1837210: Не удалось выполнить запрос после 2 попыток
2026-04-28 11:11:19,441 - INFO - Продукт 1837210 успешно обработан
2026-04-28 11:11:20,442 - INFO - Обработка страницы продукта №2
2026-04-28 11:11:20,442 - INFO - Отправка запроса к https://www.citilink.ru/graphql/, для получения данных об всех продуктов
2026-04-28 11:11:21,631 - WARNING - Слишком много запросов. Ожидание 2 сек перед повторной попыткой... (попытка 1/3)
2026-04-28 11:11:23,632 - INFO - Отправка запроса к https://www.citilink.ru/graphql/, для получения данных об всех продуктов
2026-04-28 11:11:24,980 - WARNING - Слишком много запросов. Ожидание 4 сек перед повторной попыткой... (попытка 2/3)
2026-04-28 11:11:28,985 - INFO - Отправка запроса к https://www.citilink.ru/graphql/, для получения данных об всех продуктов
2026-04-28 11:11:30,195 - WARNING - Слишком много запросов. Ожидание 8 сек перед повторной попыткой... (попытка 3/3)
2026-04-28 11:11:38,205 - ERROR - Ошибка при обработке страницы 2: Не удалось выполнить запрос после 3 попыток
2026-04-28 11:11:38,265 - INFO - Обработка категории materinskie-platy успешно завершена
2026-04-28 11:11:38,265 - INFO - Данные сохранены в директории: data\materinskie-platy
2026-04-28 11:11:38,265 - INFO - Общее количество товаров: 48
2026-04-28 11:11:38,283 - INFO - Также создан объединенный файл 'Товары.json' для совместимости

2026-04-28 11:11:38,534 - app.routes.admin - INFO - Начинаем автоматический импорт товаров...
2026-04-28 11:11:43,339 - app.routes.admin - INFO - Автоматический импорт товаров завершен успешно
